ann_path,x_min,y_min,x_max,y_max
/run/media/eduardo/SSD/Unifall/dataset/T-set/projects/Tset_images/cam_2__22-toalha-na-cabeca-no-escuro/ann/00001.jpeg.json,1070.5418090820312,305.0460205078125,1787.6589965820312,835.9388427734375
/run/media/eduardo/SSD/Unifall/dataset/T-set/projects/Tset_images/cam_2__22-toalha-na-cabeca-no-escuro/ann/00002.jpeg.json,1067.509765625,311.0394592285156,1796.9923095703125,835.3172302246094
/run/media/eduardo/SSD/Unifall/dataset/T-set/projects/Tset_images/cam_2__22-toalha-na-cabeca-no-escuro/ann/00003.jpeg.json,1064.9478454589844,304.1944885253906,1788.4917297363281,840.2156677246094
/run/media/eduardo/SSD/Unifall/dataset/T-set/projects/Tset_images/cam_2__22-toalha-na-cabeca-no-escuro/ann/00004.jpeg.json,1061.7521057128906,310.7680358886719,1796.6408386230469,835.9902648925781
/run/media/eduardo/SSD/Unifall/dataset/T-set/projects/Tset_images/cam_2__22-toalha-na-cabeca-no-escuro/ann/00005.jpeg.json,1056.1820373535156,312.50146484375,1798.2648620605469,836.037353515625
/run/media/eduardo/SSD/Unifall/dataset/T-set/projects/Tset_images/cam_2__22-toalha-na-cabeca-no-escuro/ann/00006.jpeg.json,1051.6897888183594,314.7641906738281,1795.5515441894531,842.7189636230469
/run/media/eduardo/SSD/Unifall/dataset/T-set/projects/Tset_images/cam_2__22-toalha-na-cabeca-no-escuro/ann/00007.jpeg.json,1061.0558166503906,308.51409912109375,1800.0180358886719,841.6965942382812
/run/media/eduardo/SSD/Unifall/dataset/T-set/projects/Tset_images/cam_2__22-toalha-na-cabeca-no-escuro/ann/00008.jpeg.json,1051.16064453125,318.1417236328125,1804.2542724609375,840.9415283203125
/run/media/eduardo/SSD/Unifall/dataset/T-set/projects/Tset_images/cam_2__22-toalha-na-cabeca-no-escuro/ann/00009.jpeg.json,1057.0003967285156,316.5229797363281,1797.5954284667969,840.3075866699219
/run/media/eduardo/SSD/Unifall/dataset/T-set/projects/Tset_images/cam_2__22-toalha-na-cabeca-no-escuro/ann/00010.jpeg.json,1055.3153076171875,312.5574035644531,1796.322021484375,843.3100280761719
/run/media/eduardo/SSD/Unifall/dataset/T-set/projects/Tset_images/cam_2__22-toalha-na-cabeca-no-escuro/ann/00011.jpeg.json,1062.8175048828125,313.8765869140625,1802.035888671875,837.8372802734375
/run/media/eduardo/SSD/Unifall/dataset/T-set/projects/Tset_images/cam_2__22-toalha-na-cabeca-no-escuro/ann/00012.jpeg.json,1058.15185546875,310.99932861328125,1789.8419189453125,838.1327514648438
/run/media/eduardo/SSD/Unifall/dataset/T-set/projects/Tset_images/cam_2__22-toalha-na-cabeca-no-escuro/ann/00013.jpeg.json,1058.5449523925781,316.040771484375,1807.7810974121094,830.974365234375
/run/media/eduardo/SSD/Unifall/dataset/T-set/projects/Tset_images/cam_2__22-toalha-na-cabeca-no-escuro/ann/00014.jpeg.json,1049.6550903320312,314.1122741699219,1792.6716918945312,847.1787414550781
/run/media/eduardo/SSD/Unifall/dataset/T-set/projects/Tset_images/cam_2__22-toalha-na-cabeca-no-escuro/ann/00015.jpeg.json,1060.8782348632812,317.3003845214844,1798.6218872070312,838.7894592285156
/run/media/eduardo/SSD/Unifall/dataset/T-set/projects/Tset_images/cam_2__22-toalha-na-cabeca-no-escuro/ann/00016.jpeg.json,1056.5682373046875,310.76220703125,1796.125,844.28076171875
/run/media/eduardo/SSD/Unifall/dataset/T-set/projects/Tset_images/cam_2__22-toalha-na-cabeca-no-escuro/ann/00017.jpeg.json,1050.9521179199219,310.989501953125,1799.1900939941406,837.954833984375
/run/media/eduardo/SSD/Unifall/dataset/T-set/projects/Tset_images/cam_2__22-toalha-na-cabeca-no-escuro/ann/00018.jpeg.json,1060.4332275390625,312.51318359375,1795.272216796875,836.85302734375
/run/media/eduardo/SSD/Unifall/dataset/T-set/projects/Tset_images/cam_2__22-toalha-na-cabeca-no-escuro/ann/00019.jpeg.json,1055.468505859375,312.2214660644531,1803.0167236328125,842.5558776855469
/run/media/eduardo/SSD/Unifall/dataset/T-set/projects/Tset_images/cam_2__22-toalha-na-cabeca-no-escuro/ann/00020.jpeg.json,1059.1808166503906,320.1658630371094,1794.3337097167969,841.5765686035156
/run/media/eduardo/SSD/Unifall/dataset/T-set/projects/Tset_images/cam_2__22-toalha-na-cabeca-no-escuro/ann/00021.jpeg.json,1054.5178833007812,324.42840576171875,1781.5689086914062,843.7666625976562
/run/media/eduardo/SSD/Unifall/dataset/T-set/projects/Tset_images/cam_2__22-toalha-na-cabeca-no-escuro/ann/00022.jpeg.json,1054.1929931640625,318.5975646972656,1792.759521484375,840.2259216308594
/run/media/eduardo/SSD/Unifall/dataset/T-set/projects/Tset_images/cam_2__22-toalha-na-cabeca-no-escuro/ann/00023.jpeg.json,1048.3146667480469,313.1248474121094,1791.8583068847656,841.7447814941406
/run/media/eduardo/SSD/Unifall/dataset/T-set/projects/Tset_images/cam_2__22-toalha-na-cabeca-no-escuro/ann/00024.jpeg.json,1062.8665161132812,314.6143798828125,1805.3152465820312,839.8304443359375
/run/media/eduardo/SSD/Unifall/dataset/T-set/projects/Tset_images/cam_2__22-toalha-na-cabeca-no-escuro/ann/00025.jpeg.json,1052.9488525390625,315.2947082519531,1800.999755859375,841.9911804199219
/run/media/eduardo/SSD/Unifall/dataset/T-set/projects/Tset_images/cam_2__22-toalha-na-cabeca-no-escuro/ann/00026.jpeg.json,1051.7126770019531,313.5157775878906,1795.0530700683594,841.4334411621094
/run/media/eduardo/SSD/Unifall/dataset/T-set/projects/Tset_images/cam_2__22-toalha-na-cabeca-no-escuro/ann/00027.jpeg.json,1063.9336853027344,314.8193054199219,1792.6264953613281,846.1535949707031
/run/media/eduardo/SSD/Unifall/dataset/T-set/projects/Tset_images/cam_2__22-toalha-na-cabeca-no-escuro/ann/00028.jpeg.json,1053.5877380371094,308.8839416503906,1798.1435852050781,838.6158142089844
/run/media/eduardo/SSD/Unifall/dataset/T-set/projects/Tset_images/cam_2__22-toalha-na-cabeca-no-escuro/ann/00029.jpeg.json,1053.2259826660156,319.50506591796875,1808.6781921386719,845.7063598632812
/run/media/eduardo/SSD/Unifall/dataset/T-set/projects/Tset_images/cam_2__22-toalha-na-cabeca-no-escuro/ann/00030.jpeg.json,1067.611572265625,312.666015625,1799.3773193359375,840.4072265625
/run/media/eduardo/SSD/Unifall/dataset/T-set/projects/Tset_images/cam_2__22-toalha-na-cabeca-no-escuro/ann/00031.jpeg.json,1055.4667358398438,311.3858642578125,1799.4970092773438,836.5137939453125
/run/media/eduardo/SSD/Unifall/dataset/T-set/projects/Tset_images/cam_2__22-toalha-na-cabeca-no-escuro/ann/00032.jpeg.json,1056.5070495605469,308.5019836425781,1798.7943420410156,845.6000671386719
/run/media/eduardo/SSD/Unifall/dataset/T-set/projects/Tset_images/cam_2__22-toalha-na-cabeca-no-escuro/ann/00033.jpeg.json,1056.3477478027344,309.28021240234375,1807.2698059082031,842.4517211914062
/run/media/eduardo/SSD/Unifall/dataset/T-set/projects/Tset_images/cam_2__22-toalha-na-cabeca-no-escuro/ann/00034.jpeg.json,1054.5409851074219,315.6110534667969,1803.6644592285156,840.6550598144531
/run/media/eduardo/SSD/Unifall/dataset/T-set/projects/Tset_images/cam_2__22-toalha-na-cabeca-no-escuro/ann/00035.jpeg.json,1055.9282836914062,314.1455383300781,1794.4692993164062,839.4513854980469
/run/media/eduardo/SSD/Unifall/dataset/T-set/projects/Tset_images/cam_2__22-toalha-na-cabeca-no-escuro/ann/00036.jpeg.json,1050.6951599121094,307.6166687011719,1795.1216125488281,842.0862121582031
/run/media/eduardo/SSD/Unifall/dataset/T-set/projects/Tset_images/cam_2__22-toalha-na-cabeca-no-escuro/ann/00037.jpeg.json,1060.2622375488281,312.8198547363281,1814.7520446777344,838.8854675292969
/run/media/eduardo/SSD/Unifall/dataset/T-set/projects/Tset_images/cam_2__22-toalha-na-cabeca-no-escuro/ann/00038.jpeg.json,1053.1922912597656,312.9682312011719,1796.4526062011719,845.1887512207031
/run/media/eduardo/SSD/Unifall/dataset/T-set/projects/Tset_images/cam_2__22-toalha-na-cabeca-no-escuro/ann/00039.jpeg.json,1059.2138671875,319.1864013671875,1812.8140869140625,836.7733154296875
/run/media/eduardo/SSD/Unifall/dataset/T-set/projects/Tset_images/cam_2__22-toalha-na-cabeca-no-escuro/ann/00040.jpeg.json,1053.5838623046875,317.4700622558594,1806.727294921875,842.5860900878906
/run/media/eduardo/SSD/Unifall/dataset/T-set/projects/Tset_images/cam_2__22-toalha-na-cabeca-no-escuro/ann/00041.jpeg.json,1059.252685546875,314.0320739746094,1794.7261962890625,837.8729553222656
/run/media/eduardo/SSD/Unifall/dataset/T-set/projects/Tset_images/cam_2__22-toalha-na-cabeca-no-escuro/ann/00042.jpeg.json,1051.7561340332031,320.28955078125,1782.5042419433594,836.15283203125
/run/media/eduardo/SSD/Unifall/dataset/T-set/projects/Tset_images/cam_2__22-toalha-na-cabeca-no-escuro/ann/00043.jpeg.json,1060.1173095703125,316.67230224609375,1788.43994140625,837.3474731445312
/run/media/eduardo/SSD/Unifall/dataset/T-set/projects/Tset_images/cam_2__22-toalha-na-cabeca-no-escuro/ann/00044.jpeg.json,1057.6509399414062,319.93975830078125,1799.0427856445312,843.6388549804688
/run/media/eduardo/SSD/Unifall/dataset/T-set/projects/Tset_images/cam_2__22-toalha-na-cabeca-no-escuro/ann/00045.jpeg.json,1057.0299377441406,323.9679260253906,1783.5243835449219,841.4585876464844
/run/media/eduardo/SSD/Unifall/dataset/T-set/projects/Tset_images/cam_2__22-toalha-na-cabeca-no-escuro/ann/00046.jpeg.json,1054.4911804199219,328.1842956542969,1753.8790588378906,846.1660461425781
/run/media/eduardo/SSD/Unifall/dataset/T-set/projects/Tset_images/cam_2__22-toalha-na-cabeca-no-escuro/ann/00047.jpeg.json,1056.6773376464844,325.4394226074219,1774.0327453613281,848.6247863769531
/run/media/eduardo/SSD/Unifall/dataset/T-set/projects/Tset_images/cam_2__22-toalha-na-cabeca-no-escuro/ann/00048.jpeg.json,1054.8377075195312,327.8703918457031,1778.3630981445312,842.8163757324219
/run/media/eduardo/SSD/Unifall/dataset/T-set/projects/Tset_images/cam_2__22-toalha-na-cabeca-no-escuro/ann/00049.jpeg.json,1061.1375122070312,319.4956359863281,1760.1814575195312,840.0043640136719
/run/media/eduardo/SSD/Unifall/dataset/T-set/projects/Tset_images/cam_2__22-toalha-na-cabeca-no-escuro/ann/00050.jpeg.json,1050.8172607421875,324.63299560546875,1752.513427734375,842.9592895507812
/run/media/eduardo/SSD/Unifall/dataset/T-set/projects/Tset_images/cam_2__22-toalha-na-cabeca-no-escuro/ann/00051.jpeg.json,1049.6488342285156,325.3466491699219,1774.9872741699219,837.9172668457031
/run/media/eduardo/SSD/Unifall/dataset/T-set/projects/Tset_images/cam_2__22-toalha-na-cabeca-no-escuro/ann/00052.jpeg.json,1057.4156494140625,321.534423828125,1762.158203125,836.144775390625
/run/media/eduardo/SSD/Unifall/dataset/T-set/projects/Tset_images/cam_2__22-toalha-na-cabeca-no-escuro/ann/00053.jpeg.json,1053.0064392089844,317.7705383300781,1762.1557922363281,842.0697937011719
/run/media/eduardo/SSD/Unifall/dataset/T-set/projects/Tset_images/cam_2__22-toalha-na-cabeca-no-escuro/ann/00054.jpeg.json,1057.261962890625,316.4028015136719,1780.0130615234375,841.6401672363281
/run/media/eduardo/SSD/Unifall/dataset/T-set/projects/Tset_images/cam_2__22-toalha-na-cabeca-no-escuro/ann/00055.jpeg.json,1054.8064270019531,316.26190185546875,1790.1636657714844,841.7771606445312
/run/media/eduardo/SSD/Unifall/dataset/T-set/projects/Tset_images/cam_2__22-toalha-na-cabeca-no-escuro/ann/00056.jpeg.json,1052.5840454101562,320.04486083984375,1793.8430786132812,838.6655883789062
/run/media/eduardo/SSD/Unifall/dataset/T-set/projects/Tset_images/cam_2__22-toalha-na-cabeca-no-escuro/ann/00057.jpeg.json,1062.2676086425781,317.33697509765625,1783.4576110839844,838.5812377929688
/run/media/eduardo/SSD/Unifall/dataset/T-set/projects/Tset_images/cam_2__22-toalha-na-cabeca-no-escuro/ann/00058.jpeg.json,1051.7449645996094,319.5669860839844,1792.9392395019531,843.4283752441406
/run/media/eduardo/SSD/Unifall/dataset/T-set/projects/Tset_images/cam_2__22-toalha-na-cabeca-no-escuro/ann/00059.jpeg.json,1065.148193359375,314.8395080566406,1789.6719970703125,842.6158142089844
/run/media/eduardo/SSD/Unifall/dataset/T-set/projects/Tset_images/cam_2__22-toalha-na-cabeca-no-escuro/ann/00060.jpeg.json,1059.3801574707031,313.62518310546875,1786.5276794433594,836.1550903320312
/run/media/eduardo/SSD/Unifall/dataset/T-set/projects/Tset_images/cam_2__22-toalha-na-cabeca-no-escuro/ann/00061.jpeg.json,1066.6609802246094,312.8765563964844,1795.7663879394531,838.4488830566406
/run/media/eduardo/SSD/Unifall/dataset/T-set/projects/Tset_images/cam_2__22-toalha-na-cabeca-no-escuro/ann/00062.jpeg.json,1065.3351135253906,301.64666748046875,1790.4899597167969,843.5286254882812
/run/media/eduardo/SSD/Unifall/dataset/T-set/projects/Tset_images/cam_2__22-toalha-na-cabeca-no-escuro/ann/00063.jpeg.json,1059.0852355957031,312.84088134765625,1799.7178649902344,838.4679565429688
/run/media/eduardo/SSD/Unifall/dataset/T-set/projects/Tset_images/cam_2__22-toalha-na-cabeca-no-escuro/ann/00064.jpeg.json,1064.5614318847656,308.4216613769531,1807.6225280761719,842.4340515136719
/run/media/eduardo/SSD/Unifall/dataset/T-set/projects/Tset_images/cam_2__22-toalha-na-cabeca-no-escuro/ann/00065.jpeg.json,1056.8175048828125,318.5384216308594,1807.69287109375,836.2711486816406
/run/media/eduardo/SSD/Unifall/dataset/T-set/projects/Tset_images/cam_2__22-toalha-na-cabeca-no-escuro/ann/00066.jpeg.json,1065.1289672851562,319.4896240234375,1807.9175415039062,846.0968017578125
/run/media/eduardo/SSD/Unifall/dataset/T-set/projects/Tset_images/cam_2__22-toalha-na-cabeca-no-escuro/ann/00067.jpeg.json,1062.7589111328125,321.5901794433594,1799.545654296875,839.2460021972656
/run/media/eduardo/SSD/Unifall/dataset/T-set/projects/Tset_images/cam_2__22-toalha-na-cabeca-no-escuro/ann/00068.jpeg.json,1067.3502502441406,328.6947937011719,1786.5549011230469,841.7378234863281
/run/media/eduardo/SSD/Unifall/dataset/T-set/projects/Tset_images/cam_2__22-toalha-na-cabeca-no-escuro/ann/00069.jpeg.json,1064.1403198242188,320.33795166015625,1790.8161010742188,840.2597045898438
/run/media/eduardo/SSD/Unifall/dataset/T-set/projects/Tset_images/cam_2__22-toalha-na-cabeca-no-escuro/ann/00070.jpeg.json,1060.73095703125,320.2654113769531,1804.2293701171875,838.6340026855469
/run/media/eduardo/SSD/Unifall/dataset/T-set/projects/Tset_images/cam_2__22-toalha-na-cabeca-no-escuro/ann/00071.jpeg.json,1070.8621826171875,328.8258056640625,1801.074951171875,838.1231689453125
/run/media/eduardo/SSD/Unifall/dataset/T-set/projects/Tset_images/cam_2__22-toalha-na-cabeca-no-escuro/ann/00072.jpeg.json,1055.2574462890625,328.2952423095703,1800.618408203125,835.9835662841797
/run/media/eduardo/SSD/Unifall/dataset/T-set/projects/Tset_images/cam_2__22-toalha-na-cabeca-no-escuro/ann/00073.jpeg.json,1069.5003662109375,321.5436096191406,1792.62841796875,836.5867614746094
/run/media/eduardo/SSD/Unifall/dataset/T-set/projects/Tset_images/cam_2__22-toalha-na-cabeca-no-escuro/ann/00074.jpeg.json,1065.1835327148438,323.9911346435547,1790.0106811523438,833.9812774658203
/run/media/eduardo/SSD/Unifall/dataset/T-set/projects/Tset_images/cam_2__22-toalha-na-cabeca-no-escuro/ann/00075.jpeg.json,1077.3821411132812,329.57203674316406,1794.4285278320312,835.7255706787109
/run/media/eduardo/SSD/Unifall/dataset/T-set/projects/Tset_images/cam_2__22-toalha-na-cabeca-no-escuro/ann/00076.jpeg.json,1064.4057006835938,321.99476623535156,1782.6642456054688,832.4280853271484
/run/media/eduardo/SSD/Unifall/dataset/T-set/projects/Tset_images/cam_2__22-toalha-na-cabeca-no-escuro/ann/00077.jpeg.json,1069.5499267578125,320.7254943847656,1777.24072265625,841.2474060058594
/run/media/eduardo/SSD/Unifall/dataset/T-set/projects/Tset_images/cam_2__22-toalha-na-cabeca-no-escuro/ann/00078.jpeg.json,1064.4745788574219,317.3487548828125,1776.4147033691406,837.7142333984375
/run/media/eduardo/SSD/Unifall/dataset/T-set/projects/Tset_images/cam_2__22-toalha-na-cabeca-no-escuro/ann/00079.jpeg.json,1066.7967224121094,330.4650573730469,1781.5288391113281,832.6948547363281
/run/media/eduardo/SSD/Unifall/dataset/T-set/projects/Tset_images/cam_2__22-toalha-na-cabeca-no-escuro/ann/00080.jpeg.json,1064.8087768554688,326.4580841064453,1748.0348510742188,835.7762908935547
/run/media/eduardo/SSD/Unifall/dataset/T-set/projects/Tset_images/cam_2__22-toalha-na-cabeca-no-escuro/ann/00081.jpeg.json,1066.7097473144531,334.1650848388672,1764.5018005371094,844.9091339111328
/run/media/eduardo/SSD/Unifall/dataset/T-set/projects/Tset_images/cam_2__22-toalha-na-cabeca-no-escuro/ann/00082.jpeg.json,1033.1765441894531,354.8599853515625,1650.8035583496094,829.6346435546875
/run/media/eduardo/SSD/Unifall/dataset/T-set/projects/Tset_images/cam_2__22-toalha-na-cabeca-no-escuro/ann/00083.jpeg.json,1046.3968811035156,374.34999084472656,1639.3525085449219,832.2833099365234
/run/media/eduardo/SSD/Unifall/dataset/T-set/projects/Tset_images/cam_2__22-toalha-na-cabeca-no-escuro/ann/00084.jpeg.json,1046.1682739257812,407.9654235839844,1601.7190551757812,842.6141662597656
/run/media/eduardo/SSD/Unifall/dataset/T-set/projects/Tset_images/cam_2__22-toalha-na-cabeca-no-escuro/ann/00085.jpeg.json,1055.8480529785156,414.979736328125,1529.2842712402344,852.4190673828125
/run/media/eduardo/SSD/Unifall/dataset/T-set/projects/Tset_images/cam_2__22-toalha-na-cabeca-no-escuro/ann/00086.jpeg.json,1042.7698669433594,418.83689880371094,1479.4309387207031,844.9362945556641
/run/media/eduardo/SSD/Unifall/dataset/T-set/projects/Tset_images/cam_2__22-toalha-na-cabeca-no-escuro/ann/00087.jpeg.json,1028.9569244384766,406.18309020996094,1510.1483001708984,842.0781402587891
/run/media/eduardo/SSD/Unifall/dataset/T-set/projects/Tset_images/cam_2__22-toalha-na-cabeca-no-escuro/ann/00088.jpeg.json,1049.9535064697266,421.8304748535156,1504.047348022461,850.3509216308594
/run/media/eduardo/SSD/Unifall/dataset/T-set/projects/Tset_images/cam_2__22-toalha-na-cabeca-no-escuro/ann/00089.jpeg.json,1046.2953491210938,419.5661315917969,1501.2770385742188,842.0193176269531
/run/media/eduardo/SSD/Unifall/dataset/T-set/projects/Tset_images/cam_2__22-toalha-na-cabeca-no-escuro/ann/00090.jpeg.json,1036.6317138671875,402.0560760498047,1553.03515625,837.4806671142578
/run/media/eduardo/SSD/Unifall/dataset/T-set/projects/Tset_images/cam_2__22-toalha-na-cabeca-no-escuro/ann/00091.jpeg.json,1063.4598693847656,386.4745178222656,1607.1425476074219,848.2522888183594
/run/media/eduardo/SSD/Unifall/dataset/T-set/projects/Tset_images/cam_2__22-toalha-na-cabeca-no-escuro/ann/00092.jpeg.json,1048.4626770019531,400.4475402832031,1570.8466491699219,838.8105163574219
/run/media/eduardo/SSD/Unifall/dataset/T-set/projects/Tset_images/cam_2__22-toalha-na-cabeca-no-escuro/ann/00093.jpeg.json,1035.5946960449219,380.7005615234375,1555.3541564941406,829.0771484375
/run/media/eduardo/SSD/Unifall/dataset/T-set/projects/Tset_images/cam_2__22-toalha-na-cabeca-no-escuro/ann/00094.jpeg.json,1051.2658996582031,366.29222106933594,1648.6928405761719,843.8795318603516
/run/media/eduardo/SSD/Unifall/dataset/T-set/projects/Tset_images/cam_2__22-toalha-na-cabeca-no-escuro/ann/00095.jpeg.json,1049.2981567382812,389.21583557128906,1595.2728881835938,845.2006683349609
/run/media/eduardo/SSD/Unifall/dataset/T-set/projects/Tset_images/cam_2__22-toalha-na-cabeca-no-escuro/ann/00096.jpeg.json,1046.0306243896484,421.2131805419922,1522.9788970947266,847.4682159423828
/run/media/eduardo/SSD/Unifall/dataset/T-set/projects/Tset_images/cam_2__22-toalha-na-cabeca-no-escuro/ann/00097.jpeg.json,1051.9862518310547,404.8704833984375,1509.7190704345703,850.097900390625
/run/media/eduardo/SSD/Unifall/dataset/T-set/projects/Tset_images/cam_2__22-toalha-na-cabeca-no-escuro/ann/00098.jpeg.json,1060.2308197021484,422.2980651855469,1518.730484008789,851.1704406738281
/run/media/eduardo/SSD/Unifall/dataset/T-set/projects/Tset_images/cam_2__22-toalha-na-cabeca-no-escuro/ann/00099.jpeg.json,1056.4528045654297,416.3240966796875,1480.9261016845703,849.8814697265625
/run/media/eduardo/SSD/Unifall/dataset/T-set/projects/Tset_images/cam_2__22-toalha-na-cabeca-no-escuro/ann/00100.jpeg.json,1050.3775939941406,419.5794219970703,1499.1167907714844,845.2809295654297
/run/media/eduardo/SSD/Unifall/dataset/T-set/projects/Tset_images/cam_2__22-toalha-na-cabeca-no-escuro/ann/00101.jpeg.json,1045.640609741211,407.3514099121094,1492.6204986572266,847.0050354003906
/run/media/eduardo/SSD/Unifall/dataset/T-set/projects/Tset_images/cam_2__22-toalha-na-cabeca-no-escuro/ann/00102.jpeg.json,1051.3292846679688,425.4049072265625,1513.9634399414062,851.856689453125
/run/media/eduardo/SSD/Unifall/dataset/T-set/projects/Tset_images/cam_2__22-toalha-na-cabeca-no-escuro/ann/00103.jpeg.json,1046.2523193359375,432.2444763183594,1492.2269287109375,848.5201721191406
/run/media/eduardo/SSD/Unifall/dataset/T-set/projects/Tset_images/cam_2__22-toalha-na-cabeca-no-escuro/ann/00104.jpeg.json,1042.581039428711,426.4435272216797,1463.3885650634766,852.5004425048828
/run/media/eduardo/SSD/Unifall/dataset/T-set/projects/Tset_images/cam_2__22-toalha-na-cabeca-no-escuro/ann/00105.jpeg.json,1054.94091796875,430.62762451171875,1488.3929443359375,854.0602416992188
/run/media/eduardo/SSD/Unifall/dataset/T-set/projects/Tset_images/cam_2__22-toalha-na-cabeca-no-escuro/ann/00106.jpeg.json,1033.9686584472656,430.77940368652344,1466.6165466308594,849.6596832275391
/run/media/eduardo/SSD/Unifall/dataset/T-set/projects/Tset_images/cam_2__22-toalha-na-cabeca-no-escuro/ann/00107.jpeg.json,1048.478012084961,435.84375,1492.7010650634766,852.8775634765625
/run/media/eduardo/SSD/Unifall/dataset/T-set/projects/Tset_images/cam_2__22-toalha-na-cabeca-no-escuro/ann/00108.jpeg.json,1046.8634033203125,430.21583557128906,1497.177490234375,852.0678558349609
/run/media/eduardo/SSD/Unifall/dataset/T-set/projects/Tset_images/cam_2__22-toalha-na-cabeca-no-escuro/ann/00109.jpeg.json,1045.3485870361328,429.9297637939453,1490.3922576904297,857.0913543701172
/run/media/eduardo/SSD/Unifall/dataset/T-set/projects/Tset_images/cam_2__22-toalha-na-cabeca-no-escuro/ann/00110.jpeg.json,1044.7748107910156,427.34950256347656,1499.5695495605469,839.5991058349609
/run/media/eduardo/SSD/Unifall/dataset/T-set/projects/Tset_images/cam_2__22-toalha-na-cabeca-no-escuro/ann/00111.jpeg.json,1041.4940948486328,391.61985778808594,1543.4098358154297,848.2895660400391
/run/media/eduardo/SSD/Unifall/dataset/T-set/projects/Tset_images/cam_2__22-toalha-na-cabeca-no-escuro/ann/00112.jpeg.json,1056.8777160644531,420.26890563964844,1516.3462829589844,859.3259429931641
/run/media/eduardo/SSD/Unifall/dataset/T-set/projects/Tset_images/cam_2__22-toalha-na-cabeca-no-escuro/ann/00113.jpeg.json,1051.3920440673828,420.4642791748047,1487.7051239013672,852.9533233642578
/run/media/eduardo/SSD/Unifall/dataset/T-set/projects/Tset_images/cam_2__22-toalha-na-cabeca-no-escuro/ann/00114.jpeg.json,1047.049575805664,417.7969970703125,1484.050277709961,852.2728271484375
/run/media/eduardo/SSD/Unifall/dataset/T-set/projects/Tset_images/cam_2__22-toalha-na-cabeca-no-escuro/ann/00115.jpeg.json,1050.1827697753906,422.70826721191406,1503.4143981933594,849.6808929443359
/run/media/eduardo/SSD/Unifall/dataset/T-set/projects/Tset_images/cam_2__22-toalha-na-cabeca-no-escuro/ann/00116.jpeg.json,1046.6476745605469,404.2635955810547,1523.9944152832031,848.0901641845703
/run/media/eduardo/SSD/Unifall/dataset/T-set/projects/Tset_images/cam_2__22-toalha-na-cabeca-no-escuro/ann/00117.jpeg.json,1054.1875762939453,430.0491485595703,1515.9796600341797,851.9983367919922
/run/media/eduardo/SSD/Unifall/dataset/T-set/projects/Tset_images/cam_2__22-toalha-na-cabeca-no-escuro/ann/00118.jpeg.json,1045.4251403808594,420.25343322753906,1477.6877746582031,853.0402679443359
/run/media/eduardo/SSD/Unifall/dataset/T-set/projects/Tset_images/cam_2__22-toalha-na-cabeca-no-escuro/ann/00119.jpeg.json,1052.2717895507812,431.18092346191406,1511.4295043945312,853.9101409912109
/run/media/eduardo/SSD/Unifall/dataset/T-set/projects/Tset_images/cam_2__22-toalha-na-cabeca-no-escuro/ann/00120.jpeg.json,1049.5116271972656,415.6903076171875,1484.4674987792969,848.4361572265625
/run/media/eduardo/SSD/Unifall/dataset/T-set/projects/Tset_images/cam_2__22-toalha-na-cabeca-no-escuro/ann/00121.jpeg.json,1043.1933135986328,409.7122039794922,1497.4576873779297,853.8350372314453
/run/media/eduardo/SSD/Unifall/dataset/T-set/projects/Tset_images/cam_2__22-toalha-na-cabeca-no-escuro/ann/00122.jpeg.json,1045.1983642578125,426.59519958496094,1513.179443359375,848.7341461181641
/run/media/eduardo/SSD/Unifall/dataset/T-set/projects/Tset_images/cam_2__22-toalha-na-cabeca-no-escuro/ann/00123.jpeg.json,1041.4006652832031,434.8249053955078,1497.2084655761719,855.5753631591797
/run/media/eduardo/SSD/Unifall/dataset/T-set/projects/Tset_images/cam_2__22-toalha-na-cabeca-no-escuro/ann/00124.jpeg.json,1049.6332092285156,432.7603454589844,1487.7791442871094,855.4742736816406
/run/media/eduardo/SSD/Unifall/dataset/T-set/projects/Tset_images/cam_2__22-toalha-na-cabeca-no-escuro/ann/00125.jpeg.json,1035.1046447753906,432.0302734375,1464.0833435058594,852.3876953125
/run/media/eduardo/SSD/Unifall/dataset/T-set/projects/Tset_images/cam_2__22-toalha-na-cabeca-no-escuro/ann/00126.jpeg.json,1045.0807037353516,439.6385803222656,1504.929183959961,849.7657165527344
/run/media/eduardo/SSD/Unifall/dataset/T-set/projects/Tset_images/cam_2__22-toalha-na-cabeca-no-escuro/ann/00127.jpeg.json,1043.7591400146484,430.3656768798828,1483.042739868164,853.6161346435547
/run/media/eduardo/SSD/Unifall/dataset/T-set/projects/Tset_images/cam_2__22-toalha-na-cabeca-no-escuro/ann/00128.jpeg.json,1029.3196868896484,437.2185363769531,1490.126724243164,850.4732360839844
/run/media/eduardo/SSD/Unifall/dataset/T-set/projects/Tset_images/cam_2__22-toalha-na-cabeca-no-escuro/ann/00129.jpeg.json,1046.9788970947266,427.42274475097656,1472.892807006836,846.8677825927734
/run/media/eduardo/SSD/Unifall/dataset/T-set/projects/Tset_images/cam_2__22-toalha-na-cabeca-no-escuro/ann/00130.jpeg.json,1040.7446746826172,434.399658203125,1445.1028594970703,849.4139404296875
/run/media/eduardo/SSD/Unifall/dataset/T-set/projects/Tset_images/cam_2__22-toalha-na-cabeca-no-escuro/ann/00131.jpeg.json,1033.938980102539,432.3405456542969,1451.146713256836,850.9388732910156
/run/media/eduardo/SSD/Unifall/dataset/T-set/projects/Tset_images/cam_2__22-toalha-na-cabeca-no-escuro/ann/00132.jpeg.json,1055.1183624267578,438.36546325683594,1503.9645233154297,847.9679107666016
/run/media/eduardo/SSD/Unifall/dataset/T-set/projects/Tset_images/cam_2__22-toalha-na-cabeca-no-escuro/ann/00133.jpeg.json,1034.2237243652344,412.4158935546875,1474.6759338378906,826.3790283203125
/run/media/eduardo/SSD/Unifall/dataset/T-set/projects/Tset_images/cam_2__22-toalha-na-cabeca-no-escuro/ann/00134.jpeg.json,1044.9344482421875,436.0073547363281,1518.1634521484375,837.1788024902344
/run/media/eduardo/SSD/Unifall/dataset/T-set/projects/Tset_images/cam_2__22-toalha-na-cabeca-no-escuro/ann/00135.jpeg.json,1043.0237731933594,437.10009765625,1470.4129943847656,813.0638427734375
/run/media/eduardo/SSD/Unifall/dataset/T-set/projects/Tset_images/cam_2__22-toalha-na-cabeca-no-escuro/ann/00136.jpeg.json,1044.7859344482422,433.1506652832031,1433.3488311767578,806.0436706542969
/run/media/eduardo/SSD/Unifall/dataset/T-set/projects/Tset_images/cam_2__22-toalha-na-cabeca-no-escuro/ann/00137.jpeg.json,1049.0024108886719,422.91754150390625,1437.5382385253906,818.8760375976562
/run/media/eduardo/SSD/Unifall/dataset/T-set/projects/Tset_images/cam_2__22-toalha-na-cabeca-no-escuro/ann/00138.jpeg.json,1068.1762390136719,424.0407409667969,1466.2882385253906,831.6040344238281
/run/media/eduardo/SSD/Unifall/dataset/T-set/projects/Tset_images/cam_2__22-toalha-na-cabeca-no-escuro/ann/00139.jpeg.json,1060.4942779541016,423.76910400390625,1440.166000366211,829.3124389648438
/run/media/eduardo/SSD/Unifall/dataset/T-set/projects/Tset_images/cam_2__22-toalha-na-cabeca-no-escuro/ann/00140.jpeg.json,1046.6917724609375,425.4756774902344,1437.8072509765625,821.1360168457031
/run/media/eduardo/SSD/Unifall/dataset/T-set/projects/Tset_images/cam_2__22-toalha-na-cabeca-no-escuro/ann/00141.jpeg.json,1029.4357452392578,438.1971130371094,1452.9159393310547,814.2420959472656
/run/media/eduardo/SSD/Unifall/dataset/T-set/projects/Tset_images/cam_2__22-toalha-na-cabeca-no-escuro/ann/00142.jpeg.json,1018.4514007568359,438.77317810058594,1451.783950805664,816.9577789306641
/run/media/eduardo/SSD/Unifall/dataset/T-set/projects/Tset_images/cam_2__22-toalha-na-cabeca-no-escuro/ann/00143.jpeg.json,1010.4620361328125,439.4107971191406,1447.6341552734375,818.5445251464844
/run/media/eduardo/SSD/Unifall/dataset/T-set/projects/Tset_images/cam_2__22-toalha-na-cabeca-no-escuro/ann/00144.jpeg.json,981.0,465.0,1476.0,800.0
/run/media/eduardo/SSD/Unifall/dataset/T-set/projects/Tset_images/cam_2__22-toalha-na-cabeca-no-escuro/ann/00145.jpeg.json,1001.0466766357422,440.69329833984375,1451.4997100830078,812.6112670898438
/run/media/eduardo/SSD/Unifall/dataset/T-set/projects/Tset_images/cam_2__22-toalha-na-cabeca-no-escuro/ann/00146.jpeg.json,996.73583984375,429.6677703857422,1444.3895263671875,815.5045928955078
/run/media/eduardo/SSD/Unifall/dataset/T-set/projects/Tset_images/cam_2__22-toalha-na-cabeca-no-escuro/ann/00147.jpeg.json,1006.8436584472656,420.59483337402344,1434.2006530761719,762.9658355712891
/run/media/eduardo/SSD/Unifall/dataset/T-set/projects/Tset_images/cam_2__22-toalha-na-cabeca-no-escuro/ann/00148.jpeg.json,985.0,430.0,1465.0,749.0
/run/media/eduardo/SSD/Unifall/dataset/T-set/projects/Tset_images/cam_2__22-toalha-na-cabeca-no-escuro/ann/00149.jpeg.json,995.4966430664062,412.41297912597656,1440.7589721679688,761.1717376708984
/run/media/eduardo/SSD/Unifall/dataset/T-set/projects/Tset_images/cam_2__22-toalha-na-cabeca-no-escuro/ann/00150.jpeg.json,990.1899261474609,397.8404541015625,1447.5689849853516,778.413818359375
/run/media/eduardo/SSD/Unifall/dataset/T-set/projects/Tset_images/cam_2__22-toalha-na-cabeca-no-escuro/ann/00151.jpeg.json,999.6773986816406,400.10289001464844,1442.5404968261719,773.0096588134766
/run/media/eduardo/SSD/Unifall/dataset/T-set/projects/Tset_images/cam_2__22-toalha-na-cabeca-no-escuro/ann/00152.jpeg.json,963.0,414.0,1442.0,768.0
/run/media/eduardo/SSD/Unifall/dataset/T-set/projects/Tset_images/cam_2__22-toalha-na-cabeca-no-escuro/ann/00153.jpeg.json,966.2835540771484,401.7018737792969,1424.8497467041016,773.5758361816406
/run/media/eduardo/SSD/Unifall/dataset/T-set/projects/Tset_images/cam_2__22-toalha-na-cabeca-no-escuro/ann/00154.jpeg.json,931.8603210449219,402.537109375,1423.8037414550781,769.858154296875
/run/media/eduardo/SSD/Unifall/dataset/T-set/projects/Tset_images/cam_2__22-toalha-na-cabeca-no-escuro/ann/00155.jpeg.json,962.371826171875,394.93995666503906,1415.45361328125,782.1793060302734
/run/media/eduardo/SSD/Unifall/dataset/T-set/projects/Tset_images/cam_2__22-toalha-na-cabeca-no-escuro/ann/00156.jpeg.json,847.0,412.0,1395.0,792.0
/run/media/eduardo/SSD/Unifall/dataset/T-set/projects/Tset_images/cam_2__22-toalha-na-cabeca-no-escuro/ann/00157.jpeg.json,858.0494079589844,400.0909881591797,1379.9244689941406,799.2353057861328
/run/media/eduardo/SSD/Unifall/dataset/T-set/projects/Tset_images/cam_2__22-toalha-na-cabeca-no-escuro/ann/00158.jpeg.json,863.7908020019531,403.1231384277344,1379.7857360839844,795.1889953613281
/run/media/eduardo/SSD/Unifall/dataset/T-set/projects/Tset_images/cam_2__22-toalha-na-cabeca-no-escuro/ann/00159.jpeg.json,865.2933044433594,411.8226776123047,1378.6473693847656,791.5307159423828
/run/media/eduardo/SSD/Unifall/dataset/T-set/projects/Tset_images/cam_2__22-toalha-na-cabeca-no-escuro/ann/00160.jpeg.json,845.0,400.0,1382.0,752.0
/run/media/eduardo/SSD/Unifall/dataset/T-set/projects/Tset_images/cam_2__22-toalha-na-cabeca-no-escuro/ann/00161.jpeg.json,841.4146118164062,396.6669921875,1383.8472290039062,754.1832275390625
/run/media/eduardo/SSD/Unifall/dataset/T-set/projects/Tset_images/cam_2__22-toalha-na-cabeca-no-escuro/ann/00162.jpeg.json,845.6058349609375,382.6962585449219,1357.6695556640625,762.5635070800781
/run/media/eduardo/SSD/Unifall/dataset/T-set/projects/Tset_images/cam_2__22-toalha-na-cabeca-no-escuro/ann/00163.jpeg.json,847.775146484375,381.7021484375,1327.520263671875,752.0982666015625
/run/media/eduardo/SSD/Unifall/dataset/T-set/projects/Tset_images/cam_2__22-toalha-na-cabeca-no-escuro/ann/00164.jpeg.json,817.0,383.0,1350.0,753.0
/run/media/eduardo/SSD/Unifall/dataset/T-set/projects/Tset_images/cam_2__22-toalha-na-cabeca-no-escuro/ann/00165.jpeg.json,794.6266784667969,385.3832550048828,1364.9183654785156,735.1715545654297
/run/media/eduardo/SSD/Unifall/dataset/T-set/projects/Tset_images/cam_2__22-toalha-na-cabeca-no-escuro/ann/00166.jpeg.json,776.55126953125,376.2380828857422,1356.98583984375,728.6403350830078
/run/media/eduardo/SSD/Unifall/dataset/T-set/projects/Tset_images/cam_2__22-toalha-na-cabeca-no-escuro/ann/00167.jpeg.json,772.0491638183594,366.11224365234375,1349.5206604003906,735.5266723632812
/run/media/eduardo/SSD/Unifall/dataset/T-set/projects/Tset_images/cam_2__22-toalha-na-cabeca-no-escuro/ann/00168.jpeg.json,760.0,353.0,1313.0,750.0
/run/media/eduardo/SSD/Unifall/dataset/T-set/projects/Tset_images/cam_2__22-toalha-na-cabeca-no-escuro/ann/00169.jpeg.json,763.92431640625,350.3160858154297,1312.3905029296875,743.1238555908203
/run/media/eduardo/SSD/Unifall/dataset/T-set/projects/Tset_images/cam_2__22-toalha-na-cabeca-no-escuro/ann/00170.jpeg.json,750.8097534179688,332.83055114746094,1308.1853637695312,735.5074615478516
/run/media/eduardo/SSD/Unifall/dataset/T-set/projects/Tset_images/cam_2__22-toalha-na-cabeca-no-escuro/ann/00171.jpeg.json,761.0431518554688,317.26300048828125,1282.2191772460938,735.1203002929688
/run/media/eduardo/SSD/Unifall/dataset/T-set/projects/Tset_images/cam_2__22-toalha-na-cabeca-no-escuro/ann/00172.jpeg.json,747.0,311.0,1260.0,743.0
/run/media/eduardo/SSD/Unifall/dataset/T-set/projects/Tset_images/cam_2__22-toalha-na-cabeca-no-escuro/ann/00173.jpeg.json,774.0825653076172,268.4128112792969,1236.3350372314453,777.3172912597656
/run/media/eduardo/SSD/Unifall/dataset/T-set/projects/Tset_images/cam_2__22-toalha-na-cabeca-no-escuro/ann/00174.jpeg.json,760.658203125,258.5234680175781,1194.1287841796875,812.0610046386719
/run/media/eduardo/SSD/Unifall/dataset/T-set/projects/Tset_images/cam_2__22-toalha-na-cabeca-no-escuro/ann/00175.jpeg.json,701.2854309082031,279.62767028808594,1252.8240661621094,772.2813873291016
/run/media/eduardo/SSD/Unifall/dataset/T-set/projects/Tset_images/cam_2__22-toalha-na-cabeca-no-escuro/ann/00176.jpeg.json,658.0,275.0,1225.0,708.0
/run/media/eduardo/SSD/Unifall/dataset/T-set/projects/Tset_images/cam_2__22-toalha-na-cabeca-no-escuro/ann/00177.jpeg.json,636.3293762207031,284.83396911621094,1234.5903015136719,691.5992584228516
/run/media/eduardo/SSD/Unifall/dataset/T-set/projects/Tset_images/cam_2__22-toalha-na-cabeca-no-escuro/ann/00178.jpeg.json,631.43310546875,279.15220642089844,1228.3394775390625,688.2785797119141
/run/media/eduardo/SSD/Unifall/dataset/T-set/projects/Tset_images/cam_2__22-toalha-na-cabeca-no-escuro/ann/00179.jpeg.json,633.0085144042969,271.3914337158203,1220.0063781738281,691.3678436279297
/run/media/eduardo/SSD/Unifall/dataset/T-set/projects/Tset_images/cam_2__22-toalha-na-cabeca-no-escuro/ann/00180.jpeg.json,631.0,250.0,1160.0,689.0
/run/media/eduardo/SSD/Unifall/dataset/T-set/projects/Tset_images/cam_2__22-toalha-na-cabeca-no-escuro/ann/00181.jpeg.json,622.2189636230469,251.7392120361328,1166.8522033691406,677.3568572998047
/run/media/eduardo/SSD/Unifall/dataset/T-set/projects/Tset_images/cam_2__22-toalha-na-cabeca-no-escuro/ann/00182.jpeg.json,626.8185424804688,239.58334350585938,1148.8068237304688,676.9718322753906
/run/media/eduardo/SSD/Unifall/dataset/T-set/projects/Tset_images/cam_2__22-toalha-na-cabeca-no-escuro/ann/00183.jpeg.json,630.7958374023438,238.37460327148438,1143.6415405273438,679.7300109863281
/run/media/eduardo/SSD/Unifall/dataset/T-set/projects/Tset_images/cam_2__22-toalha-na-cabeca-no-escuro/ann/00184.jpeg.json,632.0,228.0,1122.0,689.0
/run/media/eduardo/SSD/Unifall/dataset/T-set/projects/Tset_images/cam_2__22-toalha-na-cabeca-no-escuro/ann/00185.jpeg.json,634.5899200439453,225.36715698242188,1119.4465789794922,680.3650207519531
/run/media/eduardo/SSD/Unifall/dataset/T-set/projects/Tset_images/cam_2__22-toalha-na-cabeca-no-escuro/ann/00186.jpeg.json,636.5911254882812,218.4676971435547,1105.8047485351562,679.2472686767578
/run/media/eduardo/SSD/Unifall/dataset/T-set/projects/Tset_images/cam_2__22-toalha-na-cabeca-no-escuro/ann/00187.jpeg.json,633.8304901123047,217.11863708496094,1098.8307647705078,676.5236968994141
/run/media/eduardo/SSD/Unifall/dataset/T-set/projects/Tset_images/cam_2__22-toalha-na-cabeca-no-escuro/ann/00188.jpeg.json,629.0,212.0,1089.0,687.0
/run/media/eduardo/SSD/Unifall/dataset/T-set/projects/Tset_images/cam_2__22-toalha-na-cabeca-no-escuro/ann/00189.jpeg.json,638.7433319091797,199.7952880859375,1070.9053497314453,684.389892578125
/run/media/eduardo/SSD/Unifall/dataset/T-set/projects/Tset_images/cam_2__22-toalha-na-cabeca-no-escuro/ann/00190.jpeg.json,630.5361633300781,198.38076782226562,1067.3101501464844,680.5205993652344
/run/media/eduardo/SSD/Unifall/dataset/T-set/projects/Tset_images/cam_2__22-toalha-na-cabeca-no-escuro/ann/00191.jpeg.json,624.4797821044922,193.6945343017578,1059.3620147705078,682.3628387451172
/run/media/eduardo/SSD/Unifall/dataset/T-set/projects/Tset_images/cam_2__22-toalha-na-cabeca-no-escuro/ann/00192.jpeg.json,591.0,177.0,1066.0,684.0
/run/media/eduardo/SSD/Unifall/dataset/T-set/projects/Tset_images/cam_2__22-toalha-na-cabeca-no-escuro/ann/00193.jpeg.json,600.5553283691406,170.864501953125,1045.7055358886719,683.4031982421875
/run/media/eduardo/SSD/Unifall/dataset/T-set/projects/Tset_images/cam_2__22-toalha-na-cabeca-no-escuro/ann/00194.jpeg.json,595.0841064453125,170.95594787597656,1043.5107421875,680.2067718505859
/run/media/eduardo/SSD/Unifall/dataset/T-set/projects/Tset_images/cam_2__22-toalha-na-cabeca-no-escuro/ann/00195.jpeg.json,583.5166320800781,169.4276885986328,1039.4360046386719,676.9882049560547
/run/media/eduardo/SSD/Unifall/dataset/T-set/projects/Tset_images/cam_2__22-toalha-na-cabeca-no-escuro/ann/00196.jpeg.json,570.0,137.0,1003.0,677.0
/run/media/eduardo/SSD/Unifall/dataset/T-set/projects/Tset_images/cam_2__22-toalha-na-cabeca-no-escuro/ann/00197.jpeg.json,566.7196502685547,142.6695556640625,995.4276885986328,665.7750244140625
/run/media/eduardo/SSD/Unifall/dataset/T-set/projects/Tset_images/cam_2__22-toalha-na-cabeca-no-escuro/ann/00198.jpeg.json,570.4551696777344,128.57656860351562,994.2231750488281,657.5878601074219
/run/media/eduardo/SSD/Unifall/dataset/T-set/projects/Tset_images/cam_2__22-toalha-na-cabeca-no-escuro/ann/00199.jpeg.json,567.7996978759766,108.40704345703125,999.9484710693359,649.2929077148438
/run/media/eduardo/SSD/Unifall/dataset/T-set/projects/Tset_images/cam_2__22-toalha-na-cabeca-no-escuro/ann/00200.jpeg.json,550.0,84.0,969.0,614.0
/run/media/eduardo/SSD/Unifall/dataset/T-set/projects/Tset_images/cam_2__22-toalha-na-cabeca-no-escuro/ann/00201.jpeg.json,522.7398376464844,76.66513061523438,959.6169738769531,597.4883117675781
/run/media/eduardo/SSD/Unifall/dataset/T-set/projects/Tset_images/cam_2__22-toalha-na-cabeca-no-escuro/ann/00202.jpeg.json,479.84837341308594,68.8424072265625,956.8892974853516,580.1412353515625
/run/media/eduardo/SSD/Unifall/dataset/T-set/projects/Tset_images/cam_2__22-toalha-na-cabeca-no-escuro/ann/00203.jpeg.json,478.68780517578125,51.823089599609375,948.7706909179688,579.5895080566406
/run/media/eduardo/SSD/Unifall/dataset/T-set/projects/Tset_images/cam_2__22-toalha-na-cabeca-no-escuro/ann/00204.jpeg.json,432.0,63.0,911.0,571.0
/run/media/eduardo/SSD/Unifall/dataset/T-set/projects/Tset_images/cam_2__22-toalha-na-cabeca-no-escuro/ann/00205.jpeg.json,426.83058166503906,70.95625305175781,909.8024749755859,558.0120086669922
/run/media/eduardo/SSD/Unifall/dataset/T-set/projects/Tset_images/cam_2__22-toalha-na-cabeca-no-escuro/ann/00206.jpeg.json,425.57789611816406,58.18510437011719,883.3083343505859,558.9088897705078
/run/media/eduardo/SSD/Unifall/dataset/T-set/projects/Tset_images/cam_2__22-toalha-na-cabeca-no-escuro/ann/00207.jpeg.json,427.7164611816406,44.39862060546875,864.2818298339844,564.5070190429688
/run/media/eduardo/SSD/Unifall/dataset/T-set/projects/Tset_images/cam_2__22-toalha-na-cabeca-no-escuro/ann/00208.jpeg.json,428.0,40.0,854.0,559.0
/run/media/eduardo/SSD/Unifall/dataset/T-set/projects/Tset_images/cam_2__22-toalha-na-cabeca-no-escuro/ann/00209.jpeg.json,438.3869323730469,17.71539306640625,841.3218078613281,551.3490600585938
/run/media/eduardo/SSD/Unifall/dataset/T-set/projects/Tset_images/cam_2__22-toalha-na-cabeca-no-escuro/ann/00210.jpeg.json,432.5542907714844,8.164337158203125,847.7574768066406,544.1231384277344
/run/media/eduardo/SSD/Unifall/dataset/T-set/projects/Tset_images/cam_2__22-toalha-na-cabeca-no-escuro/ann/00211.jpeg.json,425.8078308105469,4.3082275390625,826.4332580566406,550.2747802734375
/run/media/eduardo/SSD/Unifall/dataset/T-set/projects/Tset_images/cam_2__22-toalha-na-cabeca-no-escuro/ann/00212.jpeg.json,426.0,24.0,797.0,549.0
/run/media/eduardo/SSD/Unifall/dataset/T-set/projects/Tset_images/cam_2__22-toalha-na-cabeca-no-escuro/ann/00213.jpeg.json,420.3563995361328,29.0479736328125,788.5471649169922,547.629638671875
/run/media/eduardo/SSD/Unifall/dataset/T-set/projects/Tset_images/cam_2__22-toalha-na-cabeca-no-escuro/ann/00214.jpeg.json,412.74986267089844,16.2098388671875,783.1174468994141,549.601806640625
/run/media/eduardo/SSD/Unifall/dataset/T-set/projects/Tset_images/cam_2__22-toalha-na-cabeca-no-escuro/ann/00215.jpeg.json,397.6764831542969,12.100799560546875,777.4907531738281,554.2633361816406
/run/media/eduardo/SSD/Unifall/dataset/T-set/projects/Tset_images/cam_2__22-toalha-na-cabeca-no-escuro/ann/00216.jpeg.json,363.0,10.0,745.0,546.0
/run/media/eduardo/SSD/Unifall/dataset/T-set/projects/Tset_images/cam_2__22-toalha-na-cabeca-no-escuro/ann/00217.jpeg.json,362.2731475830078,5.6558837890625,746.7595672607422,544.0765380859375
/run/media/eduardo/SSD/Unifall/dataset/T-set/projects/Tset_images/cam_2__22-toalha-na-cabeca-no-escuro/ann/00218.jpeg.json,362.07012939453125,-0.39813232421875,739.3561401367188,541.3175659179688
/run/media/eduardo/SSD/Unifall/dataset/T-set/projects/Tset_images/cam_2__22-toalha-na-cabeca-no-escuro/ann/00219.jpeg.json,363.9536895751953,-0.80718994140625,730.1782684326172,546.2153930664062
/run/media/eduardo/SSD/Unifall/dataset/T-set/projects/Tset_images/cam_2__22-toalha-na-cabeca-no-escuro/ann/00220.jpeg.json,361.0,3.0,698.0,559.0
/run/media/eduardo/SSD/Unifall/dataset/T-set/projects/Tset_images/cam_2__22-toalha-na-cabeca-no-escuro/ann/00221.jpeg.json,363.66925048828125,5.775115966796875,686.7494506835938,565.1092834472656
/run/media/eduardo/SSD/Unifall/dataset/T-set/projects/Tset_images/cam_2__22-toalha-na-cabeca-no-escuro/ann/00222.jpeg.json,362.89544677734375,4.50616455078125,685.1461791992188,577.3671264648438
/run/media/eduardo/SSD/Unifall/dataset/T-set/projects/Tset_images/cam_2__22-toalha-na-cabeca-no-escuro/ann/00223.jpeg.json,360.7594757080078,-0.431121826171875,682.9842987060547,596.6220397949219
/run/media/eduardo/SSD/Unifall/dataset/T-set/projects/Tset_images/cam_2__22-toalha-na-cabeca-no-escuro/ann/00224.jpeg.json,358.0,3.0,692.0,639.0
/run/media/eduardo/SSD/Unifall/dataset/T-set/projects/Tset_images/cam_2__22-toalha-na-cabeca-no-escuro/ann/00225.jpeg.json,360.49205017089844,6.14337158203125,683.9294586181641,647.4009399414062
/run/media/eduardo/SSD/Unifall/dataset/T-set/projects/Tset_images/cam_2__22-toalha-na-cabeca-no-escuro/ann/00226.jpeg.json,356.59605407714844,6.047943115234375,678.4553375244141,662.2304992675781
/run/media/eduardo/SSD/Unifall/dataset/T-set/projects/Tset_images/cam_2__22-toalha-na-cabeca-no-escuro/ann/00227.jpeg.json,358.38719177246094,2.16534423828125,683.4773101806641,674.5563354492188
/run/media/eduardo/SSD/Unifall/dataset/T-set/projects/Tset_images/cam_2__22-toalha-na-cabeca-no-escuro/ann/00228.jpeg.json,358.0,33.0,695.0,689.0
/run/media/eduardo/SSD/Unifall/dataset/T-set/projects/Tset_images/cam_2__22-toalha-na-cabeca-no-escuro/ann/00229.jpeg.json,365.58702087402344,30.9632568359375,684.8952789306641,687.91259765625
/run/media/eduardo/SSD/Unifall/dataset/T-set/projects/Tset_images/cam_2__22-toalha-na-cabeca-no-escuro/ann/00230.jpeg.json,367.1006317138672,41.842529296875,696.9098663330078,686.0465087890625
/run/media/eduardo/SSD/Unifall/dataset/T-set/projects/Tset_images/cam_2__22-toalha-na-cabeca-no-escuro/ann/00231.jpeg.json,367.82989501953125,45.891937255859375,722.7528686523438,689.7157287597656
/run/media/eduardo/SSD/Unifall/dataset/T-set/projects/Tset_images/cam_2__22-toalha-na-cabeca-no-escuro/ann/00232.jpeg.json,361.0,78.0,731.0,696.0
/run/media/eduardo/SSD/Unifall/dataset/T-set/projects/Tset_images/cam_2__22-toalha-na-cabeca-no-escuro/ann/00233.jpeg.json,362.4674530029297,87.680419921875,728.4918975830078,690.37939453125
/run/media/eduardo/SSD/Unifall/dataset/T-set/projects/Tset_images/cam_2__22-toalha-na-cabeca-no-escuro/ann/00234.jpeg.json,361.8420715332031,91.25802612304688,741.3576354980469,690.6688537597656
/run/media/eduardo/SSD/Unifall/dataset/T-set/projects/Tset_images/cam_2__22-toalha-na-cabeca-no-escuro/ann/00235.jpeg.json,359.7107238769531,96.31796264648438,761.9151306152344,688.7348937988281
/run/media/eduardo/SSD/Unifall/dataset/T-set/projects/Tset_images/cam_2__22-toalha-na-cabeca-no-escuro/ann/00236.jpeg.json,358.0,133.0,767.0,696.0
/run/media/eduardo/SSD/Unifall/dataset/T-set/projects/Tset_images/cam_2__22-toalha-na-cabeca-no-escuro/ann/00237.jpeg.json,367.87608337402344,135.89324951171875,762.1209869384766,710.7650756835938
/run/media/eduardo/SSD/Unifall/dataset/T-set/projects/Tset_images/cam_2__22-toalha-na-cabeca-no-escuro/ann/00238.jpeg.json,382.0791931152344,138.43417358398438,765.6200256347656,751.4248352050781
/run/media/eduardo/SSD/Unifall/dataset/T-set/projects/Tset_images/cam_2__22-toalha-na-cabeca-no-escuro/ann/00239.jpeg.json,383.6322479248047,141.2144775390625,787.7077178955078,806.700927734375
/run/media/eduardo/SSD/Unifall/dataset/T-set/projects/Tset_images/cam_2__22-toalha-na-cabeca-no-escuro/ann/00240.jpeg.json,383.0,183.0,779.0,834.0
/run/media/eduardo/SSD/Unifall/dataset/T-set/projects/Tset_images/cam_2__22-toalha-na-cabeca-no-escuro/ann/00241.jpeg.json,395.6408386230469,177.15338134765625,774.0061340332031,831.7738647460938
/run/media/eduardo/SSD/Unifall/dataset/T-set/projects/Tset_images/cam_2__22-toalha-na-cabeca-no-escuro/ann/00242.jpeg.json,404.9849548339844,185.95858764648438,786.9967346191406,827.5831604003906
/run/media/eduardo/SSD/Unifall/dataset/T-set/projects/Tset_images/cam_2__22-toalha-na-cabeca-no-escuro/ann/00243.jpeg.json,419.021728515625,201.92147827148438,792.498291015625,828.4034729003906
/run/media/eduardo/SSD/Unifall/dataset/T-set/projects/Tset_images/cam_2__22-toalha-na-cabeca-no-escuro/ann/00244.jpeg.json,428.0,253.0,813.0,833.0
/run/media/eduardo/SSD/Unifall/dataset/T-set/projects/Tset_images/cam_2__22-toalha-na-cabeca-no-escuro/ann/00245.jpeg.json,430.43731689453125,252.96011352539062,820.0358276367188,828.4186706542969
/run/media/eduardo/SSD/Unifall/dataset/T-set/projects/Tset_images/cam_2__22-toalha-na-cabeca-no-escuro/ann/00246.jpeg.json,449.4956817626953,277.7825927734375,845.5292205810547,831.4136962890625
/run/media/eduardo/SSD/Unifall/dataset/T-set/projects/Tset_images/cam_2__22-toalha-na-cabeca-no-escuro/ann/00247.jpeg.json,452.68475341796875,291.853271484375,870.8295288085938,838.949462890625
/run/media/eduardo/SSD/Unifall/dataset/T-set/projects/Tset_images/cam_2__22-toalha-na-cabeca-no-escuro/ann/00248.jpeg.json,461.0,309.0,895.0,836.0
/run/media/eduardo/SSD/Unifall/dataset/T-set/projects/Tset_images/cam_2__22-toalha-na-cabeca-no-escuro/ann/00249.jpeg.json,461.0084533691406,312.22259521484375,915.2192077636719,845.4099731445312
/run/media/eduardo/SSD/Unifall/dataset/T-set/projects/Tset_images/cam_2__22-toalha-na-cabeca-no-escuro/ann/00250.jpeg.json,463.6607666015625,323.51025390625,943.7591552734375,839.8338623046875
/run/media/eduardo/SSD/Unifall/dataset/T-set/projects/Tset_images/cam_2__22-toalha-na-cabeca-no-escuro/ann/00251.jpeg.json,461.7121124267578,330.84185791015625,964.4617156982422,837.6642456054688
/run/media/eduardo/SSD/Unifall/dataset/T-set/projects/Tset_images/cam_2__22-toalha-na-cabeca-no-escuro/ann/00252.jpeg.json,464.0,353.0,994.0,859.0
/run/media/eduardo/SSD/Unifall/dataset/T-set/projects/Tset_images/cam_2__22-toalha-na-cabeca-no-escuro/ann/00253.jpeg.json,468.97723388671875,359.3021240234375,998.6494750976562,852.0611572265625
/run/media/eduardo/SSD/Unifall/dataset/T-set/projects/Tset_images/cam_2__22-toalha-na-cabeca-no-escuro/ann/00254.jpeg.json,487.0800476074219,357.55499267578125,1018.6846008300781,851.0460815429688
/run/media/eduardo/SSD/Unifall/dataset/T-set/projects/Tset_images/cam_2__22-toalha-na-cabeca-no-escuro/ann/00255.jpeg.json,489.4786071777344,365.1056823730469,1043.8993225097656,852.7834777832031
/run/media/eduardo/SSD/Unifall/dataset/T-set/projects/Tset_images/cam_2__22-toalha-na-cabeca-no-escuro/ann/00256.jpeg.json,504.0,371.0,1070.0,852.0
/run/media/eduardo/SSD/Unifall/dataset/T-set/projects/Tset_images/cam_2__22-toalha-na-cabeca-no-escuro/ann/00257.jpeg.json,524.9605102539062,362.7390594482422,1058.2101440429688,865.1403350830078
/run/media/eduardo/SSD/Unifall/dataset/T-set/projects/Tset_images/cam_2__22-toalha-na-cabeca-no-escuro/ann/00258.jpeg.json,570.4425048828125,365.0382080078125,1062.7301025390625,886.4747314453125
/run/media/eduardo/SSD/Unifall/dataset/T-set/projects/Tset_images/cam_2__22-toalha-na-cabeca-no-escuro/ann/00259.jpeg.json,577.0623474121094,370.40435791015625,1091.0497131347656,892.6940307617188
/run/media/eduardo/SSD/Unifall/dataset/T-set/projects/Tset_images/cam_2__22-toalha-na-cabeca-no-escuro/ann/00260.jpeg.json,636.0,421.0,1137.0,884.0
/run/media/eduardo/SSD/Unifall/dataset/T-set/projects/Tset_images/cam_2__22-toalha-na-cabeca-no-escuro/ann/00261.jpeg.json,652.2038269042969,417.87779235839844,1129.4195861816406,889.6637115478516
/run/media/eduardo/SSD/Unifall/dataset/T-set/projects/Tset_images/cam_2__22-toalha-na-cabeca-no-escuro/ann/00262.jpeg.json,654.0341644287109,434.7832794189453,1145.687271118164,883.2827606201172
/run/media/eduardo/SSD/Unifall/dataset/T-set/projects/Tset_images/cam_2__22-toalha-na-cabeca-no-escuro/ann/00263.jpeg.json,648.5814208984375,451.0028381347656,1174.4068603515625,884.5439147949219
/run/media/eduardo/SSD/Unifall/dataset/T-set/projects/Tset_images/cam_2__22-toalha-na-cabeca-no-escuro/ann/00264.jpeg.json,636.0,493.0,1197.0,877.0
/run/media/eduardo/SSD/Unifall/dataset/T-set/projects/Tset_images/cam_2__22-toalha-na-cabeca-no-escuro/ann/00265.jpeg.json,636.2857360839844,498.70655822753906,1207.9007873535156,862.8062591552734
/run/media/eduardo/SSD/Unifall/dataset/T-set/projects/Tset_images/cam_2__22-toalha-na-cabeca-no-escuro/ann/00266.jpeg.json,649.8260803222656,504.2964630126953,1228.2856140136719,865.9351043701172
/run/media/eduardo/SSD/Unifall/dataset/T-set/projects/Tset_images/cam_2__22-toalha-na-cabeca-no-escuro/ann/00267.jpeg.json,692.9895935058594,505.50694274902344,1244.0704650878906,871.3114166259766
/run/media/eduardo/SSD/Unifall/dataset/T-set/projects/Tset_images/cam_2__22-toalha-na-cabeca-no-escuro/ann/00268.jpeg.json,720.0,566.0,1279.0,881.0
/run/media/eduardo/SSD/Unifall/dataset/T-set/projects/Tset_images/cam_2__22-toalha-na-cabeca-no-escuro/ann/00269.jpeg.json,728.5722351074219,572.3299255371094,1285.0958557128906,872.2626037597656
/run/media/eduardo/SSD/Unifall/dataset/T-set/projects/Tset_images/cam_2__22-toalha-na-cabeca-no-escuro/ann/00270.jpeg.json,742.2937622070312,576.4492645263672,1298.7155151367188,876.5896759033203
/run/media/eduardo/SSD/Unifall/dataset/T-set/projects/Tset_images/cam_2__22-toalha-na-cabeca-no-escuro/ann/00271.jpeg.json,743.6131286621094,578.7266845703125,1320.1474914550781,873.438232421875
/run/media/eduardo/SSD/Unifall/dataset/T-set/projects/Tset_images/cam_2__22-toalha-na-cabeca-no-escuro/ann/00272.jpeg.json,753.0,591.0,1335.0,878.0
/run/media/eduardo/SSD/Unifall/dataset/T-set/projects/Tset_images/cam_2__22-toalha-na-cabeca-no-escuro/ann/00273.jpeg.json,745.9890441894531,603.2298431396484,1350.6829528808594,863.1572418212891
/run/media/eduardo/SSD/Unifall/dataset/T-set/projects/Tset_images/cam_2__22-toalha-na-cabeca-no-escuro/ann/00274.jpeg.json,749.8049011230469,599.9563140869141,1358.2934875488281,868.3182220458984
/run/media/eduardo/SSD/Unifall/dataset/T-set/projects/Tset_images/cam_2__22-toalha-na-cabeca-no-escuro/ann/00275.jpeg.json,755.5166015625,592.6844177246094,1368.9017333984375,865.9923400878906
/run/media/eduardo/SSD/Unifall/dataset/T-set/projects/Tset_images/cam_2__22-toalha-na-cabeca-no-escuro/ann/00276.jpeg.json,764.0,602.0,1391.0,877.0
/run/media/eduardo/SSD/Unifall/dataset/T-set/projects/Tset_images/cam_2__22-toalha-na-cabeca-no-escuro/ann/00277.jpeg.json,753.5654907226562,601.6602020263672,1405.7976684570312,867.9420928955078
/run/media/eduardo/SSD/Unifall/dataset/T-set/projects/Tset_images/cam_2__22-toalha-na-cabeca-no-escuro/ann/00278.jpeg.json,754.9406433105469,598.2591705322266,1416.8790588378906,870.3165130615234
/run/media/eduardo/SSD/Unifall/dataset/T-set/projects/Tset_images/cam_2__22-toalha-na-cabeca-no-escuro/ann/00279.jpeg.json,753.3164367675781,595.3572692871094,1433.3147888183594,869.9695129394531
/run/media/eduardo/SSD/Unifall/dataset/T-set/projects/Tset_images/cam_2__22-toalha-na-cabeca-no-escuro/ann/00280.jpeg.json,994.0,608.0,1440.0,849.0
/run/media/eduardo/SSD/Unifall/dataset/T-set/projects/Tset_images/cam_2__22-toalha-na-cabeca-no-escuro/ann/00281.jpeg.json,1019.2354736328125,592.3515930175781,1426.1507568359375,858.5518493652344
/run/media/eduardo/SSD/Unifall/dataset/T-set/projects/Tset_images/cam_2__22-toalha-na-cabeca-no-escuro/ann/00282.jpeg.json,1020.9167633056641,601.5642852783203,1444.4146575927734,854.7291717529297
/run/media/eduardo/SSD/Unifall/dataset/T-set/projects/Tset_images/cam_2__22-toalha-na-cabeca-no-escuro/ann/00283.jpeg.json,1030.7139892578125,605.0437393188477,1453.0926513671875,853.2237167358398
/run/media/eduardo/SSD/Unifall/dataset/T-set/projects/Tset_images/cam_2__22-toalha-na-cabeca-no-escuro/ann/00284.jpeg.json,1031.2167205810547,608.5861587524414,1457.4813995361328,853.1837387084961
/run/media/eduardo/SSD/Unifall/dataset/T-set/projects/Tset_images/cam_2__22-toalha-na-cabeca-no-escuro/ann/00285.jpeg.json,1042.0,625.0,1466.0,862.0
/run/media/eduardo/SSD/Unifall/dataset/T-set/projects/Tset_images/cam_2__22-toalha-na-cabeca-no-escuro/ann/00286.jpeg.json,1036.8260955810547,630.5485992431641,1475.7776641845703,848.0502777099609
/run/media/eduardo/SSD/Unifall/dataset/T-set/projects/Tset_images/cam_2__22-toalha-na-cabeca-no-escuro/ann/00287.jpeg.json,1039.0101318359375,632.2211227416992,1478.4591064453125,846.1796340942383
/run/media/eduardo/SSD/Unifall/dataset/T-set/projects/Tset_images/cam_2__22-toalha-na-cabeca-no-escuro/ann/00288.jpeg.json,1038.339340209961,634.1411590576172,1481.3534088134766,844.4942169189453
/run/media/eduardo/SSD/Unifall/dataset/T-set/projects/Tset_images/cam_2__22-toalha-na-cabeca-no-escuro/ann/00289.jpeg.json,1037.3091278076172,635.0888519287109,1484.2771759033203,843.6401519775391
/run/media/eduardo/SSD/Unifall/dataset/T-set/projects/Tset_images/cam_2__22-toalha-na-cabeca-no-escuro/ann/00290.jpeg.json,1038.4732971191406,642.8458557128906,1485.9443054199219,847.2621765136719
/run/media/eduardo/SSD/Unifall/dataset/T-set/projects/Tset_images/cam_2__22-toalha-na-cabeca-no-escuro/ann/00291.jpeg.json,1046.4857635498047,645.3052139282227,1488.0242462158203,845.1424179077148
/run/media/eduardo/SSD/Unifall/dataset/T-set/projects/Tset_images/cam_2__22-toalha-na-cabeca-no-escuro/ann/00292.jpeg.json,907.0,675.0,1478.0,855.0
/run/media/eduardo/SSD/Unifall/dataset/T-set/projects/Tset_images/cam_2__22-toalha-na-cabeca-no-escuro/ann/00293.jpeg.json,899.8081359863281,673.9298400878906,1465.4541931152344,846.6556091308594
/run/media/eduardo/SSD/Unifall/dataset/T-set/projects/Tset_images/cam_2__22-toalha-na-cabeca-no-escuro/ann/00294.jpeg.json,910.13916015625,664.4137802124023,1447.3646240234375,855.0505752563477
/run/media/eduardo/SSD/Unifall/dataset/T-set/projects/Tset_images/cam_2__22-toalha-na-cabeca-no-escuro/ann/00295.jpeg.json,906.47900390625,668.8700561523438,1457.0706787109375,850.1328735351562
/run/media/eduardo/SSD/Unifall/dataset/T-set/projects/Tset_images/cam_2__22-toalha-na-cabeca-no-escuro/ann/00296.jpeg.json,912.9659729003906,661.3891754150391,1449.6361999511719,855.0298919677734
/run/media/eduardo/SSD/Unifall/dataset/T-set/projects/Tset_images/cam_2__22-toalha-na-cabeca-no-escuro/ann/00297.jpeg.json,905.5821838378906,666.4904556274414,1454.8235778808594,856.3310775756836
/run/media/eduardo/SSD/Unifall/dataset/T-set/projects/Tset_images/cam_2__22-toalha-na-cabeca-no-escuro/ann/00298.jpeg.json,905.8986206054688,667.8340682983398,1453.9354858398438,852.8210830688477
/run/media/eduardo/SSD/Unifall/dataset/T-set/projects/Tset_images/cam_2__22-toalha-na-cabeca-no-escuro/ann/00299.jpeg.json,904.5074768066406,667.0363845825195,1455.8249206542969,854.2048263549805
/run/media/eduardo/SSD/Unifall/dataset/T-set/projects/Tset_images/cam_2__22-toalha-na-cabeca-no-escuro/ann/00300.jpeg.json,897.0444946289062,671.3716735839844,1457.9960327148438,846.4166564941406
/run/media/eduardo/SSD/Unifall/dataset/T-set/projects/Tset_images/cam_2__22-toalha-na-cabeca-no-escuro/ann/00301.jpeg.json,915.9545593261719,654.1828842163086,1442.5659484863281,855.5832290649414
/run/media/eduardo/SSD/Unifall/dataset/T-set/projects/Tset_images/cam_2__22-toalha-na-cabeca-no-escuro/ann/00302.jpeg.json,909.8609313964844,650.9734039306641,1463.7772521972656,849.9310150146484
/run/media/eduardo/SSD/Unifall/dataset/T-set/projects/Tset_images/cam_2__22-toalha-na-cabeca-no-escuro/ann/00303.jpeg.json,905.2901306152344,651.8864364624023,1460.6921691894531,848.7928848266602
/run/media/eduardo/SSD/Unifall/dataset/T-set/projects/Tset_images/cam_2__22-toalha-na-cabeca-no-escuro/ann/00304.jpeg.json,853.0,649.0,1470.0,856.0
/run/media/eduardo/SSD/Unifall/dataset/T-set/projects/Tset_images/cam_2__22-toalha-na-cabeca-no-escuro/ann/00305.jpeg.json,842.8746032714844,635.7594757080078,1466.4523010253906,856.2253875732422
/run/media/eduardo/SSD/Unifall/dataset/T-set/projects/Tset_images/cam_2__22-toalha-na-cabeca-no-escuro/ann/00306.jpeg.json,850.7552795410156,614.4052047729492,1457.8156433105469,855.2522659301758
/run/media/eduardo/SSD/Unifall/dataset/T-set/projects/Tset_images/cam_2__22-toalha-na-cabeca-no-escuro/ann/00307.jpeg.json,847.6209716796875,602.7587814331055,1450.83935546875,853.1276931762695
/run/media/eduardo/SSD/Unifall/dataset/T-set/projects/Tset_images/cam_2__22-toalha-na-cabeca-no-escuro/ann/00308.jpeg.json,853.748291015625,591.1220092773438,1441.0780029296875,853.2286987304688
/run/media/eduardo/SSD/Unifall/dataset/T-set/projects/Tset_images/cam_2__22-toalha-na-cabeca-no-escuro/ann/00309.jpeg.json,866.911865234375,573.9701538085938,1431.4837646484375,855.7666625976562
/run/media/eduardo/SSD/Unifall/dataset/T-set/projects/Tset_images/cam_2__22-toalha-na-cabeca-no-escuro/ann/00310.jpeg.json,823.0,571.0,1420.0,852.0
/run/media/eduardo/SSD/Unifall/dataset/T-set/projects/Tset_images/cam_2__22-toalha-na-cabeca-no-escuro/ann/00311.jpeg.json,843.2931213378906,536.7921905517578,1383.8348083496094,865.3285369873047
/run/media/eduardo/SSD/Unifall/dataset/T-set/projects/Tset_images/cam_2__22-toalha-na-cabeca-no-escuro/ann/00312.jpeg.json,840.2104187011719,533.8491821289062,1372.4649963378906,859.6235961914062
/run/media/eduardo/SSD/Unifall/dataset/T-set/projects/Tset_images/cam_2__22-toalha-na-cabeca-no-escuro/ann/00313.jpeg.json,843.3194274902344,525.1229553222656,1362.5461730957031,860.3449401855469
/run/media/eduardo/SSD/Unifall/dataset/T-set/projects/Tset_images/cam_2__22-toalha-na-cabeca-no-escuro/ann/00314.jpeg.json,819.0,525.0,1373.0,853.0
/run/media/eduardo/SSD/Unifall/dataset/T-set/projects/Tset_images/cam_2__22-toalha-na-cabeca-no-escuro/ann/00315.jpeg.json,833.6006469726562,509.245849609375,1358.7345581054688,855.306396484375
/run/media/eduardo/SSD/Unifall/dataset/T-set/projects/Tset_images/cam_2__22-toalha-na-cabeca-no-escuro/ann/00316.jpeg.json,830.0440979003906,506.7764434814453,1351.2174987792969,855.4014129638672
/run/media/eduardo/SSD/Unifall/dataset/T-set/projects/Tset_images/cam_2__22-toalha-na-cabeca-no-escuro/ann/00317.jpeg.json,822.5812683105469,507.80718994140625,1344.3887023925781,860.6088256835938
/run/media/eduardo/SSD/Unifall/dataset/T-set/projects/Tset_images/cam_2__22-toalha-na-cabeca-no-escuro/ann/00318.jpeg.json,825.0,528.0,1350.0,843.0
/run/media/eduardo/SSD/Unifall/dataset/T-set/projects/Tset_images/cam_2__22-toalha-na-cabeca-no-escuro/ann/00319.jpeg.json,829.7756652832031,517.6747589111328,1338.4671325683594,844.4744110107422
/run/media/eduardo/SSD/Unifall/dataset/T-set/projects/Tset_images/cam_2__22-toalha-na-cabeca-no-escuro/ann/00320.jpeg.json,814.0517578125,521.9190063476562,1333.635498046875,841.8363647460938
/run/media/eduardo/SSD/Unifall/dataset/T-set/projects/Tset_images/cam_2__22-toalha-na-cabeca-no-escuro/ann/00321.jpeg.json,808.3572692871094,525.3973846435547,1330.8271789550781,843.9384307861328
/run/media/eduardo/SSD/Unifall/dataset/T-set/projects/Tset_images/cam_2__22-toalha-na-cabeca-no-escuro/ann/00322.jpeg.json,719.0,562.0,1309.0,894.0
/run/media/eduardo/SSD/Unifall/dataset/T-set/projects/Tset_images/cam_2__22-toalha-na-cabeca-no-escuro/ann/00323.jpeg.json,698.4353332519531,558.6505279541016,1304.8815612792969,882.7534027099609
/run/media/eduardo/SSD/Unifall/dataset/T-set/projects/Tset_images/cam_2__22-toalha-na-cabeca-no-escuro/ann/00324.jpeg.json,696.2544860839844,553.1235656738281,1292.9619445800781,882.0623474121094
/run/media/eduardo/SSD/Unifall/dataset/T-set/projects/Tset_images/cam_2__22-toalha-na-cabeca-no-escuro/ann/00325.jpeg.json,725.3054962158203,509.0390167236328,1233.4700164794922,920.9978485107422
/run/media/eduardo/SSD/Unifall/dataset/T-set/projects/Tset_images/cam_2__22-toalha-na-cabeca-no-escuro/ann/00326.jpeg.json,666.0,581.0,1262.0,887.0
/run/media/eduardo/SSD/Unifall/dataset/T-set/projects/Tset_images/cam_2__22-toalha-na-cabeca-no-escuro/ann/00327.jpeg.json,626.593017578125,589.4237976074219,1260.809814453125,870.7739562988281
/run/media/eduardo/SSD/Unifall/dataset/T-set/projects/Tset_images/cam_2__22-toalha-na-cabeca-no-escuro/ann/00328.jpeg.json,603.1964721679688,594.4305114746094,1253.7872924804688,866.2944641113281
/run/media/eduardo/SSD/Unifall/dataset/T-set/projects/Tset_images/cam_2__22-toalha-na-cabeca-no-escuro/ann/00329.jpeg.json,568.1846923828125,585.6471710205078,1249.586181640625,853.8650360107422
/run/media/eduardo/SSD/Unifall/dataset/T-set/projects/Tset_images/cam_2__22-toalha-na-cabeca-no-escuro/ann/00330.jpeg.json,523.0,530.0,1178.0,878.0
/run/media/eduardo/SSD/Unifall/dataset/T-set/projects/Tset_images/cam_2__22-toalha-na-cabeca-no-escuro/ann/00331.jpeg.json,518.154541015625,524.6958160400391,1150.1903076171875,872.1657562255859
/run/media/eduardo/SSD/Unifall/dataset/T-set/projects/Tset_images/cam_2__22-toalha-na-cabeca-no-escuro/ann/00332.jpeg.json,507.6933288574219,472.6349182128906,1136.9149475097656,862.9705505371094
/run/media/eduardo/SSD/Unifall/dataset/T-set/projects/Tset_images/cam_2__22-toalha-na-cabeca-no-escuro/ann/00333.jpeg.json,492.6952819824219,453.81898498535156,1121.6947326660156,859.5578460693359
/run/media/eduardo/SSD/Unifall/dataset/T-set/projects/Tset_images/cam_2__22-toalha-na-cabeca-no-escuro/ann/00334.jpeg.json,501.0,484.0,1054.0,878.0
/run/media/eduardo/SSD/Unifall/dataset/T-set/projects/Tset_images/cam_2__22-toalha-na-cabeca-no-escuro/ann/00335.jpeg.json,512.9175720214844,445.6072082519531,1008.3058166503906,887.4172058105469
/run/media/eduardo/SSD/Unifall/dataset/T-set/projects/Tset_images/cam_2__22-toalha-na-cabeca-no-escuro/ann/00336.jpeg.json,495.0702667236328,422.53956604003906,992.6106414794922,891.0048675537109
/run/media/eduardo/SSD/Unifall/dataset/T-set/projects/Tset_images/cam_2__22-toalha-na-cabeca-no-escuro/ann/00337.jpeg.json,489.8973083496094,411.720458984375,982.7794494628906,885.402099609375
/run/media/eduardo/SSD/Unifall/dataset/T-set/projects/Tset_images/cam_2__22-toalha-na-cabeca-no-escuro/ann/00338.jpeg.json,444.0,437.0,951.0,924.0
/run/media/eduardo/SSD/Unifall/dataset/T-set/projects/Tset_images/cam_2__22-toalha-na-cabeca-no-escuro/ann/00339.jpeg.json,454.9248504638672,406.86810302734375,906.1595001220703,940.3453979492188
/run/media/eduardo/SSD/Unifall/dataset/T-set/projects/Tset_images/cam_2__22-toalha-na-cabeca-no-escuro/ann/00340.jpeg.json,430.39772033691406,396.1247253417969,893.7064056396484,939.1072082519531
/run/media/eduardo/SSD/Unifall/dataset/T-set/projects/Tset_images/cam_2__22-toalha-na-cabeca-no-escuro/ann/00341.jpeg.json,411.54930114746094,392.1206970214844,883.1308746337891,940.4142150878906
/run/media/eduardo/SSD/Unifall/dataset/T-set/projects/Tset_images/cam_2__22-toalha-na-cabeca-no-escuro/ann/00342.jpeg.json,345.0,444.0,842.0,911.0
/run/media/eduardo/SSD/Unifall/dataset/T-set/projects/Tset_images/cam_2__22-toalha-na-cabeca-no-escuro/ann/00343.jpeg.json,359.3063049316406,412.5594177246094,801.9595642089844,928.7347717285156
/run/media/eduardo/SSD/Unifall/dataset/T-set/projects/Tset_images/cam_2__22-toalha-na-cabeca-no-escuro/ann/00344.jpeg.json,350.3977813720703,412.04156494140625,792.9192352294922,925.2842407226562
/run/media/eduardo/SSD/Unifall/dataset/T-set/projects/Tset_images/cam_2__22-toalha-na-cabeca-no-escuro/ann/00345.jpeg.json,338.05577087402344,413.6802062988281,785.2813873291016,921.9989929199219
/run/media/eduardo/SSD/Unifall/dataset/T-set/projects/Tset_images/cam_2__22-toalha-na-cabeca-no-escuro/ann/00346.jpeg.json,266.0,453.0,779.0,906.0
/run/media/eduardo/SSD/Unifall/dataset/T-set/projects/Tset_images/cam_2__22-toalha-na-cabeca-no-escuro/ann/00347.jpeg.json,285.56964111328125,416.23345947265625,752.1060180664062,926.1099243164062
/run/media/eduardo/SSD/Unifall/dataset/T-set/projects/Tset_images/cam_2__22-toalha-na-cabeca-no-escuro/ann/00348.jpeg.json,260.00294494628906,410.8312225341797,750.8582611083984,916.9571075439453
/run/media/eduardo/SSD/Unifall/dataset/T-set/projects/Tset_images/cam_2__22-toalha-na-cabeca-no-escuro/ann/00349.jpeg.json,239.32040405273438,401.9709777832031,741.2999572753906,913.2976989746094
/run/media/eduardo/SSD/Unifall/dataset/T-set/projects/Tset_images/cam_2__22-toalha-na-cabeca-no-escuro/ann/00350.jpeg.json,201.0,424.0,717.0,915.0
/run/media/eduardo/SSD/Unifall/dataset/T-set/projects/Tset_images/cam_2__22-toalha-na-cabeca-no-escuro/ann/00351.jpeg.json,224.07009887695312,393.19140625,702.1219177246094,931.5584716796875
/run/media/eduardo/SSD/Unifall/dataset/T-set/projects/Tset_images/cam_2__22-toalha-na-cabeca-no-escuro/ann/00352.jpeg.json,226.69589233398438,381.0956726074219,705.0957336425781,924.1184387207031
/run/media/eduardo/SSD/Unifall/dataset/T-set/projects/Tset_images/cam_2__22-toalha-na-cabeca-no-escuro/ann/00353.jpeg.json,228.17449951171875,363.53472900390625,709.0082397460938,924.3987426757812
/run/media/eduardo/SSD/Unifall/dataset/T-set/projects/Tset_images/cam_2__22-toalha-na-cabeca-no-escuro/ann/00354.jpeg.json,241.0,369.0,695.0,917.0
/run/media/eduardo/SSD/Unifall/dataset/T-set/projects/Tset_images/cam_2__22-toalha-na-cabeca-no-escuro/ann/00355.jpeg.json,254.6932373046875,345.23553466796875,683.2293701171875,921.8831176757812
/run/media/eduardo/SSD/Unifall/dataset/T-set/projects/Tset_images/cam_2__22-toalha-na-cabeca-no-escuro/ann/00356.jpeg.json,250.592041015625,343.15069580078125,690.414794921875,917.2606811523438
/run/media/eduardo/SSD/Unifall/dataset/T-set/projects/Tset_images/cam_2__22-toalha-na-cabeca-no-escuro/ann/00357.jpeg.json,249.7316436767578,339.4930419921875,689.2686004638672,916.598876953125
/run/media/eduardo/SSD/Unifall/dataset/T-set/projects/Tset_images/cam_2__22-toalha-na-cabeca-no-escuro/ann/00358.jpeg.json,200.0,353.0,682.0,908.0
/run/media/eduardo/SSD/Unifall/dataset/T-set/projects/Tset_images/cam_2__22-toalha-na-cabeca-no-escuro/ann/00359.jpeg.json,218.20657348632812,341.578857421875,660.4003601074219,917.246337890625
/run/media/eduardo/SSD/Unifall/dataset/T-set/projects/Tset_images/cam_2__22-toalha-na-cabeca-no-escuro/ann/00360.jpeg.json,223.52987670898438,339.4714660644531,656.4739074707031,916.3423767089844
/run/media/eduardo/SSD/Unifall/dataset/T-set/projects/Tset_images/cam_2__22-toalha-na-cabeca-no-escuro/ann/00361.jpeg.json,222.81976318359375,341.3005676269531,660.3663940429688,915.2083435058594
/run/media/eduardo/SSD/Unifall/dataset/T-set/projects/Tset_images/cam_2__22-toalha-na-cabeca-no-escuro/ann/00362.jpeg.json,222.0,361.0,660.0,914.0
/run/media/eduardo/SSD/Unifall/dataset/T-set/projects/Tset_images/cam_2__22-toalha-na-cabeca-no-escuro/ann/00363.jpeg.json,229.72177124023438,348.1526184082031,656.7933654785156,909.9726257324219
/run/media/eduardo/SSD/Unifall/dataset/T-set/projects/Tset_images/cam_2__22-toalha-na-cabeca-no-escuro/ann/00364.jpeg.json,259.4261779785156,336.8060302734375,676.7123718261719,900.4490966796875
/run/media/eduardo/SSD/Unifall/dataset/T-set/projects/Tset_images/cam_2__22-toalha-na-cabeca-no-escuro/ann/00365.jpeg.json,285.99607849121094,323.1667785644531,697.9433746337891,876.7608337402344
/run/media/eduardo/SSD/Unifall/dataset/T-set/projects/Tset_images/cam_2__22-toalha-na-cabeca-no-escuro/ann/00366.jpeg.json,329.0,331.0,688.0,905.0
/run/media/eduardo/SSD/Unifall/dataset/T-set/projects/Tset_images/cam_2__22-toalha-na-cabeca-no-escuro/ann/00367.jpeg.json,321.50726318359375,320.3359375,705.9965209960938,894.9766845703125
/run/media/eduardo/SSD/Unifall/dataset/T-set/projects/Tset_images/cam_2__22-toalha-na-cabeca-no-escuro/ann/00368.jpeg.json,321.89007568359375,303.1979675292969,720.9287719726562,896.4231262207031
/run/media/eduardo/SSD/Unifall/dataset/T-set/projects/Tset_images/cam_2__22-toalha-na-cabeca-no-escuro/ann/00369.jpeg.json,324.95372009277344,285.5374450683594,738.9338531494141,886.3442687988281
/run/media/eduardo/SSD/Unifall/dataset/T-set/projects/Tset_images/cam_2__22-toalha-na-cabeca-no-escuro/ann/00370.jpeg.json,295.0,277.0,706.0,877.0
/run/media/eduardo/SSD/Unifall/dataset/T-set/projects/Tset_images/cam_2__22-toalha-na-cabeca-no-escuro/ann/00371.jpeg.json,288.8497772216797,263.4707336425781,734.7372589111328,853.1635437011719
/run/media/eduardo/SSD/Unifall/dataset/T-set/projects/Tset_images/cam_2__22-toalha-na-cabeca-no-escuro/ann/00372.jpeg.json,299.26104736328125,243.235107421875,746.3545532226562,831.03173828125
/run/media/eduardo/SSD/Unifall/dataset/T-set/projects/Tset_images/cam_2__22-toalha-na-cabeca-no-escuro/ann/00373.jpeg.json,297.1084289550781,236.19326782226562,748.0196228027344,813.2692565917969
/run/media/eduardo/SSD/Unifall/dataset/T-set/projects/Tset_images/cam_2__22-toalha-na-cabeca-no-escuro/ann/00374.jpeg.json,298.0,243.0,725.0,802.0
/run/media/eduardo/SSD/Unifall/dataset/T-set/projects/Tset_images/cam_2__22-toalha-na-cabeca-no-escuro/ann/00375.jpeg.json,313.2255096435547,220.74826049804688,715.1320343017578,801.9598693847656
/run/media/eduardo/SSD/Unifall/dataset/T-set/projects/Tset_images/cam_2__22-toalha-na-cabeca-no-escuro/ann/00376.jpeg.json,314.13523864746094,210.65005493164062,715.3333892822266,790.1220397949219
/run/media/eduardo/SSD/Unifall/dataset/T-set/projects/Tset_images/cam_2__22-toalha-na-cabeca-no-escuro/ann/00377.jpeg.json,317.08717346191406,198.07437133789062,703.4485931396484,793.1602478027344
/run/media/eduardo/SSD/Unifall/dataset/T-set/projects/Tset_images/cam_2__22-toalha-na-cabeca-no-escuro/ann/00378.jpeg.json,294.0,196.0,698.0,794.0
/run/media/eduardo/SSD/Unifall/dataset/T-set/projects/Tset_images/cam_2__22-toalha-na-cabeca-no-escuro/ann/00379.jpeg.json,312.1018829345703,175.79156494140625,674.2711639404297,793.7776489257812
/run/media/eduardo/SSD/Unifall/dataset/T-set/projects/Tset_images/cam_2__22-toalha-na-cabeca-no-escuro/ann/00380.jpeg.json,313.2072448730469,170.29660034179688,670.3182678222656,764.8597717285156
/run/media/eduardo/SSD/Unifall/dataset/T-set/projects/Tset_images/cam_2__22-toalha-na-cabeca-no-escuro/ann/00381.jpeg.json,313.17982482910156,164.0869140625,663.8786468505859,762.7509765625
/run/media/eduardo/SSD/Unifall/dataset/T-set/projects/Tset_images/cam_2__22-toalha-na-cabeca-no-escuro/ann/00382.jpeg.json,301.0,158.0,651.0,736.0
/run/media/eduardo/SSD/Unifall/dataset/T-set/projects/Tset_images/cam_2__22-toalha-na-cabeca-no-escuro/ann/00383.jpeg.json,309.54051208496094,147.03240966796875,641.9095611572266,730.4459838867188
/run/media/eduardo/SSD/Unifall/dataset/T-set/projects/Tset_images/cam_2__22-toalha-na-cabeca-no-escuro/ann/00384.jpeg.json,313.5204315185547,135.99853515625,641.7649688720703,724.1322021484375
/run/media/eduardo/SSD/Unifall/dataset/T-set/projects/Tset_images/cam_2__22-toalha-na-cabeca-no-escuro/ann/00385.jpeg.json,316.2289581298828,125.0252685546875,642.3954315185547,728.936767578125
/run/media/eduardo/SSD/Unifall/dataset/T-set/projects/Tset_images/cam_2__22-toalha-na-cabeca-no-escuro/ann/00386.jpeg.json,300.0,125.0,647.0,736.0
/run/media/eduardo/SSD/Unifall/dataset/T-set/projects/Tset_images/cam_2__22-toalha-na-cabeca-no-escuro/ann/00387.jpeg.json,307.6302032470703,121.5135498046875,644.1765594482422,726.669921875
/run/media/eduardo/SSD/Unifall/dataset/T-set/projects/Tset_images/cam_2__22-toalha-na-cabeca-no-escuro/ann/00388.jpeg.json,308.6282653808594,117.953857421875,645.4762268066406,721.2547607421875
/run/media/eduardo/SSD/Unifall/dataset/T-set/projects/Tset_images/cam_2__22-toalha-na-cabeca-no-escuro/ann/00389.jpeg.json,311.90594482421875,112.65707397460938,647.4642944335938,721.0643615722656
/run/media/eduardo/SSD/Unifall/dataset/T-set/projects/Tset_images/cam_2__22-toalha-na-cabeca-no-escuro/ann/00390.jpeg.json,298.0,96.0,650.0,724.0
/run/media/eduardo/SSD/Unifall/dataset/T-set/projects/Tset_images/cam_2__22-toalha-na-cabeca-no-escuro/ann/00391.jpeg.json,311.1953430175781,89.57876586914062,642.5046081542969,711.3040466308594
/run/media/eduardo/SSD/Unifall/dataset/T-set/projects/Tset_images/cam_2__22-toalha-na-cabeca-no-escuro/ann/00392.jpeg.json,319.7455139160156,89.2371826171875,645.1504821777344,708.580810546875
/run/media/eduardo/SSD/Unifall/dataset/T-set/projects/Tset_images/cam_2__22-toalha-na-cabeca-no-escuro/ann/00393.jpeg.json,327.8896026611328,82.204833984375,649.8789520263672,710.0057373046875
/run/media/eduardo/SSD/Unifall/dataset/T-set/projects/Tset_images/cam_2__22-toalha-na-cabeca-no-escuro/ann/00394.jpeg.json,357.0,102.0,654.0,708.0
/run/media/eduardo/SSD/Unifall/dataset/T-set/projects/Tset_images/cam_2__22-toalha-na-cabeca-no-escuro/ann/00395.jpeg.json,363.72425842285156,95.05764770507812,656.6503753662109,697.0234069824219
/run/media/eduardo/SSD/Unifall/dataset/T-set/projects/Tset_images/cam_2__22-toalha-na-cabeca-no-escuro/ann/00396.jpeg.json,368.0243225097656,89.21829223632812,665.2199401855469,701.9555358886719
/run/media/eduardo/SSD/Unifall/dataset/T-set/projects/Tset_images/cam_2__22-toalha-na-cabeca-no-escuro/ann/00397.jpeg.json,377.9800720214844,87.32131958007812,687.4049377441406,703.5358581542969
/run/media/eduardo/SSD/Unifall/dataset/T-set/projects/Tset_images/cam_2__22-toalha-na-cabeca-no-escuro/ann/00398.jpeg.json,373.0,127.0,703.0,711.0
/run/media/eduardo/SSD/Unifall/dataset/T-set/projects/Tset_images/cam_2__22-toalha-na-cabeca-no-escuro/ann/00399.jpeg.json,368.9590759277344,137.14947509765625,716.1784973144531,703.7774047851562
/run/media/eduardo/SSD/Unifall/dataset/T-set/projects/Tset_images/cam_2__22-toalha-na-cabeca-no-escuro/ann/00400.jpeg.json,369.84226989746094,148.9903564453125,736.6611480712891,709.625244140625
/run/media/eduardo/SSD/Unifall/dataset/T-set/projects/Tset_images/cam_2__22-toalha-na-cabeca-no-escuro/ann/00401.jpeg.json,381.5899353027344,137.82144165039062,753.2558898925781,706.7657165527344
/run/media/eduardo/SSD/Unifall/dataset/T-set/projects/Tset_images/cam_2__22-toalha-na-cabeca-no-escuro/ann/00402.jpeg.json,376.0,159.0,766.0,709.0
/run/media/eduardo/SSD/Unifall/dataset/T-set/projects/Tset_images/cam_2__22-toalha-na-cabeca-no-escuro/ann/00403.jpeg.json,382.3214569091797,158.58987426757812,798.9381866455078,704.8620300292969
/run/media/eduardo/SSD/Unifall/dataset/T-set/projects/Tset_images/cam_2__22-toalha-na-cabeca-no-escuro/ann/00404.jpeg.json,385.9405822753906,164.9019775390625,822.0599060058594,708.160888671875
/run/media/eduardo/SSD/Unifall/dataset/T-set/projects/Tset_images/cam_2__22-toalha-na-cabeca-no-escuro/ann/00405.jpeg.json,386.540771484375,174.34500122070312,850.947265625,703.2684020996094
/run/media/eduardo/SSD/Unifall/dataset/T-set/projects/Tset_images/cam_2__22-toalha-na-cabeca-no-escuro/ann/00406.jpeg.json,383.0,196.0,857.0,709.0
/run/media/eduardo/SSD/Unifall/dataset/T-set/projects/Tset_images/cam_2__22-toalha-na-cabeca-no-escuro/ann/00407.jpeg.json,408.13360595703125,188.03695678710938,858.0338745117188,706.5067443847656
/run/media/eduardo/SSD/Unifall/dataset/T-set/projects/Tset_images/cam_2__22-toalha-na-cabeca-no-escuro/ann/00408.jpeg.json,431.30224609375,197.92311096191406,862.6058349609375,701.7468109130859
/run/media/eduardo/SSD/Unifall/dataset/T-set/projects/Tset_images/cam_2__22-toalha-na-cabeca-no-escuro/ann/00409.jpeg.json,465.92494201660156,194.01153564453125,879.3925628662109,706.2212524414062
/run/media/eduardo/SSD/Unifall/dataset/T-set/projects/Tset_images/cam_2__22-toalha-na-cabeca-no-escuro/ann/00410.jpeg.json,507.0,218.0,947.0,706.0
/run/media/eduardo/SSD/Unifall/dataset/T-set/projects/Tset_images/cam_2__22-toalha-na-cabeca-no-escuro/ann/00411.jpeg.json,508.1825256347656,224.53253173828125,955.9751892089844,693.4813842773438
/run/media/eduardo/SSD/Unifall/dataset/T-set/projects/Tset_images/cam_2__22-toalha-na-cabeca-no-escuro/ann/00412.jpeg.json,513.3217926025391,223.25582885742188,965.1974945068359,692.2890930175781
/run/media/eduardo/SSD/Unifall/dataset/T-set/projects/Tset_images/cam_2__22-toalha-na-cabeca-no-escuro/ann/00413.jpeg.json,508.5058288574219,223.2952423095703,982.4532775878906,695.0131072998047
/run/media/eduardo/SSD/Unifall/dataset/T-set/projects/Tset_images/cam_2__22-toalha-na-cabeca-no-escuro/ann/00414.jpeg.json,514.0,216.0,1003.0,706.0
/run/media/eduardo/SSD/Unifall/dataset/T-set/projects/Tset_images/cam_2__22-toalha-na-cabeca-no-escuro/ann/00415.jpeg.json,508.6061706542969,219.1490020751953,1012.3900451660156,686.5287322998047
/run/media/eduardo/SSD/Unifall/dataset/T-set/projects/Tset_images/cam_2__22-toalha-na-cabeca-no-escuro/ann/00416.jpeg.json,513.8835754394531,211.06768798828125,1021.1029968261719,680.5241088867188
/run/media/eduardo/SSD/Unifall/dataset/T-set/projects/Tset_images/cam_2__22-toalha-na-cabeca-no-escuro/ann/00417.jpeg.json,530.2727203369141,215.5656280517578,1030.1172943115234,689.2200164794922
/run/media/eduardo/SSD/Unifall/dataset/T-set/projects/Tset_images/cam_2__22-toalha-na-cabeca-no-escuro/ann/00418.jpeg.json,578.0,202.0,1075.0,699.0
/run/media/eduardo/SSD/Unifall/dataset/T-set/projects/Tset_images/cam_2__22-toalha-na-cabeca-no-escuro/ann/00419.jpeg.json,600.2776489257812,202.41836547851562,1067.3727416992188,690.1941833496094
/run/media/eduardo/SSD/Unifall/dataset/T-set/projects/Tset_images/cam_2__22-toalha-na-cabeca-no-escuro/ann/00420.jpeg.json,645.9792785644531,212.61048889160156,1067.3230895996094,691.8655853271484
/run/media/eduardo/SSD/Unifall/dataset/T-set/projects/Tset_images/cam_2__22-toalha-na-cabeca-no-escuro/ann/00421.jpeg.json,665.5179901123047,223.86334228515625,1081.4690704345703,697.1997680664062
/run/media/eduardo/SSD/Unifall/dataset/T-set/projects/Tset_images/cam_2__22-toalha-na-cabeca-no-escuro/ann/00422.jpeg.json,654.0,227.0,1145.0,693.0
/run/media/eduardo/SSD/Unifall/dataset/T-set/projects/Tset_images/cam_2__22-toalha-na-cabeca-no-escuro/ann/00423.jpeg.json,666.4054870605469,233.96475219726562,1152.3226623535156,682.4378356933594
/run/media/eduardo/SSD/Unifall/dataset/T-set/projects/Tset_images/cam_2__22-toalha-na-cabeca-no-escuro/ann/00424.jpeg.json,685.9558563232422,233.34544372558594,1167.4336700439453,690.1659088134766
/run/media/eduardo/SSD/Unifall/dataset/T-set/projects/Tset_images/cam_2__22-toalha-na-cabeca-no-escuro/ann/00425.jpeg.json,647.7007446289062,257.1486511230469,1206.0678100585938,687.7667541503906
/run/media/eduardo/SSD/Unifall/dataset/T-set/projects/Tset_images/cam_2__22-toalha-na-cabeca-no-escuro/ann/00426.jpeg.json,664.0,277.0,1219.0,703.0
/run/media/eduardo/SSD/Unifall/dataset/T-set/projects/Tset_images/cam_2__22-toalha-na-cabeca-no-escuro/ann/00427.jpeg.json,680.3071594238281,284.4698181152344,1227.8055114746094,687.2578430175781
/run/media/eduardo/SSD/Unifall/dataset/T-set/projects/Tset_images/cam_2__22-toalha-na-cabeca-no-escuro/ann/00428.jpeg.json,708.4192504882812,287.29261779785156,1245.8450317382812,690.1751556396484
/run/media/eduardo/SSD/Unifall/dataset/T-set/projects/Tset_images/cam_2__22-toalha-na-cabeca-no-escuro/ann/00429.jpeg.json,676.8232116699219,294.99183654785156,1266.1919250488281,689.4435882568359
/run/media/eduardo/SSD/Unifall/dataset/T-set/projects/Tset_images/cam_2__22-toalha-na-cabeca-no-escuro/ann/00430.jpeg.json,782.0,311.0,1279.0,700.0
/run/media/eduardo/SSD/Unifall/dataset/T-set/projects/Tset_images/cam_2__22-toalha-na-cabeca-no-escuro/ann/00431.jpeg.json,783.86669921875,318.34303283691406,1298.064697265625,685.3969573974609
/run/media/eduardo/SSD/Unifall/dataset/T-set/projects/Tset_images/cam_2__22-toalha-na-cabeca-no-escuro/ann/00432.jpeg.json,781.3118286132812,312.6660614013672,1309.0609741210938,677.4872589111328
/run/media/eduardo/SSD/Unifall/dataset/T-set/projects/Tset_images/cam_2__22-toalha-na-cabeca-no-escuro/ann/00433.jpeg.json,778.9010620117188,302.1822967529297,1323.4223022460938,687.2384796142578
/run/media/eduardo/SSD/Unifall/dataset/T-set/projects/Tset_images/cam_2__22-toalha-na-cabeca-no-escuro/ann/00434.jpeg.json,788.0,319.0,1309.0,697.0
/run/media/eduardo/SSD/Unifall/dataset/T-set/projects/Tset_images/cam_2__22-toalha-na-cabeca-no-escuro/ann/00435.jpeg.json,796.6218566894531,319.9503631591797,1319.3067321777344,688.2997589111328
/run/media/eduardo/SSD/Unifall/dataset/T-set/projects/Tset_images/cam_2__22-toalha-na-cabeca-no-escuro/ann/00436.jpeg.json,810.3594665527344,314.1253662109375,1332.9474182128906,692.5511474609375
/run/media/eduardo/SSD/Unifall/dataset/T-set/projects/Tset_images/cam_2__22-toalha-na-cabeca-no-escuro/ann/00437.jpeg.json,824.8255462646484,324.4828186035156,1333.798599243164,696.1392517089844
/run/media/eduardo/SSD/Unifall/dataset/T-set/projects/Tset_images/cam_2__22-toalha-na-cabeca-no-escuro/ann/00438.jpeg.json,857.0,318.0,1357.0,719.0
/run/media/eduardo/SSD/Unifall/dataset/T-set/projects/Tset_images/cam_2__22-toalha-na-cabeca-no-escuro/ann/00439.jpeg.json,871.9376678466797,317.98158264160156,1356.7458038330078,719.3093109130859
/run/media/eduardo/SSD/Unifall/dataset/T-set/projects/Tset_images/cam_2__22-toalha-na-cabeca-no-escuro/ann/00440.jpeg.json,893.5804595947266,319.3539733886719,1361.435043334961,722.5487365722656
/run/media/eduardo/SSD/Unifall/dataset/T-set/projects/Tset_images/cam_2__22-toalha-na-cabeca-no-escuro/ann/00441.jpeg.json,919.6068115234375,320.4984893798828,1362.5595703125,718.4270477294922
/run/media/eduardo/SSD/Unifall/dataset/T-set/projects/Tset_images/cam_2__22-toalha-na-cabeca-no-escuro/ann/00442.jpeg.json,923.0,325.0,1392.0,743.0
/run/media/eduardo/SSD/Unifall/dataset/T-set/projects/Tset_images/cam_2__22-toalha-na-cabeca-no-escuro/ann/00443.jpeg.json,941.0258026123047,322.3835144042969,1381.4949493408203,748.4585266113281
/run/media/eduardo/SSD/Unifall/dataset/T-set/projects/Tset_images/cam_2__22-toalha-na-cabeca-no-escuro/ann/00444.jpeg.json,952.3529205322266,331.20831298828125,1375.8480072021484,750.8844604492188
/run/media/eduardo/SSD/Unifall/dataset/T-set/projects/Tset_images/cam_2__22-toalha-na-cabeca-no-escuro/ann/00445.jpeg.json,951.8900451660156,355.1694030761719,1392.4916687011719,752.2265930175781
/run/media/eduardo/SSD/Unifall/dataset/T-set/projects/Tset_images/cam_2__22-toalha-na-cabeca-no-escuro/ann/00446.jpeg.json,926.0,366.0,1423.0,768.0
/run/media/eduardo/SSD/Unifall/dataset/T-set/projects/Tset_images/cam_2__22-toalha-na-cabeca-no-escuro/ann/00447.jpeg.json,946.8244781494141,345.74835205078125,1391.7076263427734,782.3569946289062
/run/media/eduardo/SSD/Unifall/dataset/T-set/projects/Tset_images/cam_2__22-toalha-na-cabeca-no-escuro/ann/00448.jpeg.json,943.1810913085938,366.94505310058594,1410.7557983398438,764.2573394775391
/run/media/eduardo/SSD/Unifall/dataset/T-set/projects/Tset_images/cam_2__22-toalha-na-cabeca-no-escuro/ann/00449.jpeg.json,938.2781982421875,370.88893127441406,1410.0111083984375,762.1354827880859
/run/media/eduardo/SSD/Unifall/dataset/T-set/projects/Tset_images/cam_2__22-toalha-na-cabeca-no-escuro/ann/00450.jpeg.json,961.0,415.0,1462.0,775.0
/run/media/eduardo/SSD/Unifall/dataset/T-set/projects/Tset_images/cam_2__22-toalha-na-cabeca-no-escuro/ann/00451.jpeg.json,966.1654663085938,425.4717254638672,1478.5879516601562,758.4455108642578
/run/media/eduardo/SSD/Unifall/dataset/T-set/projects/Tset_images/cam_2__22-toalha-na-cabeca-no-escuro/ann/00452.jpeg.json,964.5427551269531,425.90325927734375,1488.9184265136719,747.7473754882812
/run/media/eduardo/SSD/Unifall/dataset/T-set/projects/Tset_images/cam_2__22-toalha-na-cabeca-no-escuro/ann/00453.jpeg.json,974.6636047363281,420.705810546875,1489.0589294433594,746.234619140625
/run/media/eduardo/SSD/Unifall/dataset/T-set/projects/Tset_images/cam_2__22-toalha-na-cabeca-no-escuro/ann/00454.jpeg.json,1006.0,440.0,1484.0,772.0
/run/media/eduardo/SSD/Unifall/dataset/T-set/projects/Tset_images/cam_2__22-toalha-na-cabeca-no-escuro/ann/00455.jpeg.json,990.0517883300781,455.89715576171875,1497.6818542480469,758.3770141601562
/run/media/eduardo/SSD/Unifall/dataset/T-set/projects/Tset_images/cam_2__22-toalha-na-cabeca-no-escuro/ann/00456.jpeg.json,990.5339965820312,453.2622528076172,1504.5050659179688,762.0967559814453
/run/media/eduardo/SSD/Unifall/dataset/T-set/projects/Tset_images/cam_2__22-toalha-na-cabeca-no-escuro/ann/00457.jpeg.json,995.4360656738281,452.47096252441406,1510.6125183105469,763.7278900146484
/run/media/eduardo/SSD/Unifall/dataset/T-set/projects/Tset_images/cam_2__22-toalha-na-cabeca-no-escuro/ann/00458.jpeg.json,994.428466796875,455.64210510253906,1481.6729736328125,763.1944427490234
/run/media/eduardo/SSD/Unifall/dataset/T-set/projects/Tset_images/cam_2__22-toalha-na-cabeca-no-escuro/ann/00459.jpeg.json,1007.0,486.0,1523.0,771.0
/run/media/eduardo/SSD/Unifall/dataset/T-set/projects/Tset_images/cam_2__22-toalha-na-cabeca-no-escuro/ann/00460.jpeg.json,1013.8872985839844,486.69728088378906,1521.8281555175781,774.6330413818359
/run/media/eduardo/SSD/Unifall/dataset/T-set/projects/Tset_images/cam_2__22-toalha-na-cabeca-no-escuro/ann/00461.jpeg.json,1024.1828155517578,471.75440979003906,1521.5068817138672,777.5096282958984
/run/media/eduardo/SSD/Unifall/dataset/T-set/projects/Tset_images/cam_2__22-toalha-na-cabeca-no-escuro/ann/00462.jpeg.json,1043.111831665039,474.3836212158203,1504.2098236083984,780.9421844482422
/run/media/eduardo/SSD/Unifall/dataset/T-set/projects/Tset_images/cam_2__22-toalha-na-cabeca-no-escuro/ann/00463.jpeg.json,1050.481918334961,472.93115234375,1502.586685180664,775.5462646484375
/run/media/eduardo/SSD/Unifall/dataset/T-set/projects/Tset_images/cam_2__22-toalha-na-cabeca-no-escuro/ann/00464.jpeg.json,1062.9303131103516,465.2950439453125,1494.131820678711,763.661376953125
/run/media/eduardo/SSD/Unifall/dataset/T-set/projects/Tset_images/cam_2__22-toalha-na-cabeca-no-escuro/ann/00465.jpeg.json,1016.3830871582031,480.59527587890625,1479.4104919433594,765.3961791992188
/run/media/eduardo/SSD/Unifall/dataset/T-set/projects/Tset_images/cam_2__22-toalha-na-cabeca-no-escuro/ann/00466.jpeg.json,1018.803955078125,455.74737548828125,1480.1639404296875,749.0945434570312
/run/media/eduardo/SSD/Unifall/dataset/T-set/projects/Tset_images/cam_2__22-toalha-na-cabeca-no-escuro/ann/00467.jpeg.json,995.431640625,465.7079162597656,1454.6810302734375,782.7438659667969
/run/media/eduardo/SSD/Unifall/dataset/T-set/projects/Tset_images/cam_2__22-toalha-na-cabeca-no-escuro/ann/00468.jpeg.json,998.2637786865234,502.05592346191406,1434.4474029541016,783.3190765380859
/run/media/eduardo/SSD/Unifall/dataset/T-set/projects/Tset_images/cam_2__22-toalha-na-cabeca-no-escuro/ann/00469.jpeg.json,1008.2301940917969,491.62876892089844,1423.7954406738281,730.4558258056641
/run/media/eduardo/SSD/Unifall/dataset/T-set/projects/Tset_images/cam_2__22-toalha-na-cabeca-no-escuro/ann/00470.jpeg.json,1001.5017547607422,504.5889587402344,1435.8632354736328,810.5387268066406
/run/media/eduardo/SSD/Unifall/dataset/T-set/projects/Tset_images/cam_2__22-toalha-na-cabeca-no-escuro/ann/00471.jpeg.json,996.3412475585938,515.5025482177734,1497.4403686523438,819.4998931884766
/run/media/eduardo/SSD/Unifall/dataset/T-set/projects/Tset_images/cam_2__22-toalha-na-cabeca-no-escuro/ann/00472.jpeg.json,1007.1557922363281,483.936279296875,1493.7679138183594,822.7469482421875
/run/media/eduardo/SSD/Unifall/dataset/T-set/projects/Tset_images/cam_2__22-toalha-na-cabeca-no-escuro/ann/00473.jpeg.json,993.7353363037109,536.3772277832031,1491.9056549072266,847.9261169433594
/run/media/eduardo/SSD/Unifall/dataset/T-set/projects/Tset_images/cam_2__22-toalha-na-cabeca-no-escuro/ann/00474.jpeg.json,984.5886840820312,532.6140747070312,1469.2853393554688,841.1744995117188
/run/media/eduardo/SSD/Unifall/dataset/T-set/projects/Tset_images/cam_2__22-toalha-na-cabeca-no-escuro/ann/00475.jpeg.json,995.3449096679688,554.9533386230469,1449.0309448242188,850.4471740722656
/run/media/eduardo/SSD/Unifall/dataset/T-set/projects/Tset_images/cam_2__22-toalha-na-cabeca-no-escuro/ann/00476.jpeg.json,999.4859466552734,520.55712890625,1469.2799224853516,844.9610595703125
/run/media/eduardo/SSD/Unifall/dataset/T-set/projects/Tset_images/cam_2__22-toalha-na-cabeca-no-escuro/ann/00477.jpeg.json,993.0681304931641,485.4821472167969,1386.094223022461,848.7334289550781
/run/media/eduardo/SSD/Unifall/dataset/T-set/projects/Tset_images/cam_2__22-toalha-na-cabeca-no-escuro/ann/00478.jpeg.json,999.6529083251953,489.99163818359375,1353.6219940185547,850.7891235351562
/run/media/eduardo/SSD/Unifall/dataset/T-set/projects/Tset_images/cam_2__22-toalha-na-cabeca-no-escuro/ann/00479.jpeg.json,1006.6582946777344,527.8682861328125,1486.1692199707031,836.883056640625
/run/media/eduardo/SSD/Unifall/dataset/T-set/projects/Tset_images/cam_2__22-toalha-na-cabeca-no-escuro/ann/00480.jpeg.json,994.2357940673828,502.76361083984375,1375.8884735107422,853.9545288085938
/run/media/eduardo/SSD/Unifall/dataset/T-set/projects/Tset_images/cam_2__22-toalha-na-cabeca-no-escuro/ann/00481.jpeg.json,1007.1389312744141,521.6919097900391,1443.079574584961,842.5844573974609
/run/media/eduardo/SSD/Unifall/dataset/T-set/projects/Tset_images/cam_2__22-toalha-na-cabeca-no-escuro/ann/00482.jpeg.json,984.2322845458984,527.8311309814453,1437.5052642822266,848.6163787841797
/run/media/eduardo/SSD/Unifall/dataset/T-set/projects/Tset_images/cam_2__22-toalha-na-cabeca-no-escuro/ann/00483.jpeg.json,984.0268096923828,498.6617126464844,1468.7154998779297,832.0332336425781
/run/media/eduardo/SSD/Unifall/dataset/T-set/projects/Tset_images/cam_2__22-toalha-na-cabeca-no-escuro/ann/00484.jpeg.json,1005.0692291259766,548.3112030029297,1515.7462005615234,843.3372344970703
/run/media/eduardo/SSD/Unifall/dataset/T-set/projects/Tset_images/cam_2__22-toalha-na-cabeca-no-escuro/ann/00485.jpeg.json,1000.568115234375,520.1792297363281,1471.7745361328125,844.5948181152344
/run/media/eduardo/SSD/Unifall/dataset/T-set/projects/Tset_images/cam_2__22-toalha-na-cabeca-no-escuro/ann/00486.jpeg.json,994.44921875,528.8543701171875,1455.4801025390625,850.7403564453125
/run/media/eduardo/SSD/Unifall/dataset/T-set/projects/Tset_images/cam_2__22-toalha-na-cabeca-no-escuro/ann/00487.jpeg.json,999.8028259277344,512.8188629150391,1452.5124816894531,845.6655120849609
/run/media/eduardo/SSD/Unifall/dataset/T-set/projects/Tset_images/cam_2__22-toalha-na-cabeca-no-escuro/ann/00488.jpeg.json,992.8236236572266,524.3483734130859,1472.824691772461,836.9768218994141
/run/media/eduardo/SSD/Unifall/dataset/T-set/projects/Tset_images/cam_2__22-toalha-na-cabeca-no-escuro/ann/00489.jpeg.json,988.9403381347656,555.3048095703125,1438.8874206542969,857.303466796875
/run/media/eduardo/SSD/Unifall/dataset/T-set/projects/Tset_images/cam_2__22-toalha-na-cabeca-no-escuro/ann/00490.jpeg.json,1012.7745971679688,516.5771636962891,1478.4469604492188,838.6993255615234
/run/media/eduardo/SSD/Unifall/dataset/T-set/projects/Tset_images/cam_2__22-toalha-na-cabeca-no-escuro/ann/00491.jpeg.json,1002.4199523925781,537.3889617919922,1452.8030700683594,861.8488311767578
/run/media/eduardo/SSD/Unifall/dataset/T-set/projects/Tset_images/cam_2__22-toalha-na-cabeca-no-escuro/ann/00492.jpeg.json,1007.1859283447266,501.56871032714844,1498.6822357177734,834.5544586181641
/run/media/eduardo/SSD/Unifall/dataset/T-set/projects/Tset_images/cam_2__22-toalha-na-cabeca-no-escuro/ann/00493.jpeg.json,984.150390625,505.6010437011719,1480.9732666015625,828.6454162597656
/run/media/eduardo/SSD/Unifall/dataset/T-set/projects/Tset_images/cam_2__22-toalha-na-cabeca-no-escuro/ann/00494.jpeg.json,977.7893676757812,537.5898132324219,1493.9515991210938,845.9520568847656
/run/media/eduardo/SSD/Unifall/dataset/T-set/projects/Tset_images/cam_2__22-toalha-na-cabeca-no-escuro/ann/00495.jpeg.json,998.1974945068359,529.0582275390625,1475.511489868164,837.5994873046875
/run/media/eduardo/SSD/Unifall/dataset/T-set/projects/Tset_images/cam_2__22-toalha-na-cabeca-no-escuro/ann/00496.jpeg.json,994.7572479248047,537.439697265625,1475.6289825439453,839.7152099609375
/run/media/eduardo/SSD/Unifall/dataset/T-set/projects/Tset_images/cam_2__22-toalha-na-cabeca-no-escuro/ann/00497.jpeg.json,998.8136596679688,554.5841522216797,1455.1415405273438,856.8932647705078
/run/media/eduardo/SSD/Unifall/dataset/T-set/projects/Tset_images/cam_2__22-toalha-na-cabeca-no-escuro/ann/00498.jpeg.json,1000.032958984375,551.6581420898438,1454.9197998046875,859.6508178710938
